cluster_type,carbon
10_c4.2xlarge_join_spark_bigdata_1,0.999538874799072
10_c4.2xlarge_join_spark_huge_1,1.0243435357191508
10_c4.2xlarge_kmeans_spark1.5_bigdata_1,9.345503425257263
10_c4.2xlarge_kmeans_spark1.5_huge_1,4.116890545541797
10_c4.2xlarge_lr_spark_bigdata_1,8.193192701347112
10_c4.2xlarge_lr_spark_huge_1,4.237500425173477
10_c4.2xlarge_naive-bayes_spark1.5_bigdata_1,3.064688933025005
10_c4.2xlarge_naive-bayes_spark1.5_huge_1,1.5448305215298421
10_c4.2xlarge_pagerank_hadoop_bigdata_1,3.1847199045870354
10_c4.2xlarge_pagerank_hadoop_huge_1,2.3610942935025707
10_c4.2xlarge_pagerank_spark_bigdata_1,1.8806871653829111
10_c4.2xlarge_pagerank_spark_huge_1,0.7542863811363245
10_c4.2xlarge_regression_spark1.5_bigdata_1,13.45458841471238
10_c4.2xlarge_regression_spark1.5_huge_1,3.2608151199789046
10_c4.2xlarge_terasort_hadoop_bigdata_1,1.5421491902011608
10_c4.2xlarge_terasort_hadoop_huge_1,1.4240612647968391
10_c4.2xlarge_wordcount_hadoop_bigdata_1,1.742394358013771
10_c4.2xlarge_wordcount_hadoop_huge_1,1.0671718233094019
10_c4.large_join_spark_bigdata_1,0.843603149283958
10_c4.large_join_spark_huge_1,0.4780668784472747
10_c4.large_kmeans_spark1.5_bigdata_1,7.181308331569154
10_c4.large_kmeans_spark1.5_huge_1,3.426732533214847
10_c4.large_lr_spark_bigdata_1,3.0065468668114956
10_c4.large_lr_spark_huge_1,1.506152942936404
10_c4.large_naive-bayes_spark1.5_bigdata_1,2.8523517327205195
10_c4.large_naive-bayes_spark1.5_huge_1,1.4451939512431942
10_c4.large_pagerank_hadoop_bigdata_1,2.385865159273373
10_c4.large_pagerank_hadoop_huge_1,1.3257342435292256
10_c4.large_pagerank_spark_bigdata_1,0.8619505994000319
10_c4.large_pagerank_spark_huge_1,0.8630835330617371
10_c4.large_regression_spark1.5_bigdata_1,8.615568318724755
10_c4.large_regression_spark1.5_huge_1,2.6085320054469316
10_c4.large_terasort_hadoop_bigdata_1,1.4540194197195961
10_c4.large_terasort_hadoop_huge_1,0.8444365521070232
10_c4.large_wordcount_hadoop_bigdata_1,1.9576708638221476
10_c4.large_wordcount_hadoop_huge_1,0.8188764893280411
10_c4.xlarge_join_spark_bigdata_1,0.8644337340313794
10_c4.xlarge_join_spark_huge_1,0.5743099411890707
10_c4.xlarge_kmeans_spark1.5_bigdata_1,7.0345339653255
10_c4.xlarge_kmeans_spark1.5_huge_1,3.495479979331202
10_c4.xlarge_lr_spark_bigdata_1,4.874401943301025
10_c4.xlarge_lr_spark_huge_1,2.27620726687288
10_c4.xlarge_naive-bayes_spark1.5_bigdata_1,2.9612108703851443
10_c4.xlarge_naive-bayes_spark1.5_huge_1,1.4743100318576743
10_c4.xlarge_pagerank_hadoop_bigdata_1,2.694014245777247
10_c4.xlarge_pagerank_hadoop_huge_1,1.6001784051559016
10_c4.xlarge_pagerank_spark_bigdata_1,2.0074826179935448
10_c4.xlarge_pagerank_spark_huge_1,0.7728970241478281
10_c4.xlarge_regression_spark1.5_bigdata_1,11.520235352965996
10_c4.xlarge_regression_spark1.5_huge_1,2.826957489893311
10_c4.xlarge_terasort_hadoop_bigdata_1,1.4472525653766355
10_c4.xlarge_terasort_hadoop_huge_1,0.8360808116927623
10_c4.xlarge_wordcount_hadoop_bigdata_1,1.726144244297964
10_c4.xlarge_wordcount_hadoop_huge_1,0.8923189685990344
10_m4.2xlarge_join_spark_bigdata_1,1.0502935136304485
10_m4.2xlarge_join_spark_huge_1,0.8622354590384008
10_m4.2xlarge_kmeans_spark1.5_bigdata_1,3.883266073507945
10_m4.2xlarge_kmeans_spark1.5_huge_1,0.5943510743084095
10_m4.2xlarge_lr_spark_bigdata_1,2.5582429879783435
10_m4.2xlarge_lr_spark_huge_1,3.442172465401956
10_m4.2xlarge_naive-bayes_spark1.5_bigdata_1,2.6321498237334673
10_m4.2xlarge_naive-bayes_spark1.5_huge_1,1.395777979708817
10_m4.2xlarge_pagerank_hadoop_bigdata_1,2.840106639908866
10_m4.2xlarge_pagerank_hadoop_huge_1,2.097180130727113
10_m4.2xlarge_pagerank_spark_bigdata_1,0.9751220319077181
10_m4.2xlarge_pagerank_spark_huge_1,0.562294982509896
10_m4.2xlarge_regression_spark1.5_bigdata_1,12.984866471767527
10_m4.2xlarge_regression_spark1.5_huge_1,0.5828772600880655
10_m4.2xlarge_terasort_hadoop_bigdata_1,1.431068285238662
10_m4.2xlarge_terasort_hadoop_huge_1,0.998038388673414
10_m4.2xlarge_wordcount_hadoop_bigdata_1,1.6075364337381433
10_m4.2xlarge_wordcount_hadoop_huge_1,1.015563536847759
10_m4.large_join_spark_bigdata_1,0.7051267266938641
10_m4.large_join_spark_huge_1,0.4577644884126603
10_m4.large_kmeans_spark1.5_bigdata_1,6.86006553655616
10_m4.large_kmeans_spark1.5_huge_1,2.1200304060161885
10_m4.large_lr_spark_bigdata_1,1.9247323963294423
10_m4.large_lr_spark_huge_1,0.7271794731963632
10_m4.large_naive-bayes_spark1.5_bigdata_1,2.50828708135429
10_m4.large_naive-bayes_spark1.5_huge_1,1.2678422629742823
10_m4.large_pagerank_hadoop_bigdata_1,2.1805746849491268
10_m4.large_pagerank_hadoop_huge_1,1.179884096709948
10_m4.large_pagerank_spark_bigdata_1,1.0212903454530933
10_m4.large_pagerank_spark_huge_1,0.40202196310165883
10_m4.large_regression_spark1.5_bigdata_1,6.8996401976068595
10_m4.large_regression_spark1.5_huge_1,2.470514846056034
10_m4.large_terasort_hadoop_bigdata_1,1.1696151193879503
10_m4.large_terasort_hadoop_huge_1,0.733310884727297
10_m4.large_wordcount_hadoop_bigdata_1,1.6141853341678913
10_m4.large_wordcount_hadoop_huge_1,0.7934505455812882
10_m4.xlarge_join_spark_bigdata_1,0.7679558323015924
10_m4.xlarge_join_spark_huge_1,0.5229547533803993
10_m4.xlarge_kmeans_spark1.5_bigdata_1,3.667704619935177
10_m4.xlarge_kmeans_spark1.5_huge_1,1.9015846885076497
10_m4.xlarge_lr_spark_bigdata_1,2.1426716188028188
10_m4.xlarge_lr_spark_huge_1,1.3609701670561891
10_m4.xlarge_naive-bayes_spark1.5_bigdata_1,2.545015544258182
10_m4.xlarge_naive-bayes_spark1.5_huge_1,1.3042605753544267
10_m4.xlarge_pagerank_hadoop_bigdata_1,2.294908311691988
10_m4.xlarge_pagerank_hadoop_huge_1,1.4478448525861187
10_m4.xlarge_pagerank_spark_bigdata_1,0.8867063883465843
10_m4.xlarge_pagerank_spark_huge_1,0.43047869902228364
10_m4.xlarge_regression_spark1.5_bigdata_1,9.565842161636898
10_m4.xlarge_regression_spark1.5_huge_1,2.5564908899800565
10_m4.xlarge_terasort_hadoop_bigdata_1,1.258761392930439
10_m4.xlarge_terasort_hadoop_huge_1,0.6937807150039892
10_m4.xlarge_wordcount_hadoop_bigdata_1,1.5372325039719046
10_m4.xlarge_wordcount_hadoop_huge_1,0.8256600677815689
10_r4.2xlarge_join_spark_bigdata_1,1.2427805742252453
10_r4.2xlarge_join_spark_huge_1,0.9489876954373123
10_r4.2xlarge_kmeans_spark1.5_bigdata_1,1.3356785900260835
10_r4.2xlarge_kmeans_spark1.5_huge_1,0.7148255750313341
10_r4.2xlarge_lr_spark_bigdata_1,5.913599906759344
10_r4.2xlarge_lr_spark_huge_1,4.408016315607437
10_r4.2xlarge_naive-bayes_spark1.5_bigdata_1,3.4903717234276734
10_r4.2xlarge_naive-bayes_spark1.5_huge_1,0.9268617209653877
10_r4.2xlarge_pagerank_hadoop_bigdata_1,3.6465502483885137
10_r4.2xlarge_pagerank_hadoop_huge_1,2.6723675409761816
10_r4.2xlarge_pagerank_spark_bigdata_1,1.0509183125086399
10_r4.2xlarge_pagerank_spark_huge_1,0.6549145680302975
10_r4.2xlarge_regression_spark1.5_bigdata_1,15.40033868995365
10_r4.2xlarge_regression_spark1.5_huge_1,0.6141996698824873
10_r4.2xlarge_terasort_hadoop_bigdata_1,2.62097712038104
10_r4.2xlarge_terasort_hadoop_huge_1,0.9717877963588994
10_r4.2xlarge_wordcount_hadoop_bigdata_1,2.1474578820431183
10_r4.2xlarge_wordcount_hadoop_huge_1,1.1468103022454599
10_r4.large_join_spark_bigdata_1,0.9624178687126194
10_r4.large_join_spark_huge_1,0.5707921478515023
10_r4.large_kmeans_spark1.5_bigdata_1,8.809255675443882
10_r4.large_kmeans_spark1.5_huge_1,2.6573354627564805
10_r4.large_lr_spark_bigdata_1,1.5691053630830265
10_r4.large_lr_spark_huge_1,0.7920503706466342
10_r4.large_naive-bayes_spark1.5_bigdata_1,3.3389766027213725
10_r4.large_naive-bayes_spark1.5_huge_1,1.7133909357225108
10_r4.large_pagerank_hadoop_bigdata_1,2.7821212778877973
10_r4.large_pagerank_hadoop_huge_1,1.5559712545928885
10_r4.large_pagerank_spark_bigdata_1,0.9835843527301226
10_r4.large_pagerank_spark_huge_1,0.48802220262076323
10_r4.large_regression_spark1.5_bigdata_1,8.824557442357753
10_r4.large_regression_spark1.5_huge_1,3.3982913741374086
10_r4.large_terasort_hadoop_bigdata_1,1.7049888520045633
10_r4.large_terasort_hadoop_huge_1,0.838372768564391
10_r4.large_wordcount_hadoop_bigdata_1,0.01700888531262752
10_r4.large_wordcount_hadoop_huge_1,0.9918166906826728
10_r4.xlarge_join_spark_bigdata_1,1.0010239057386328
10_r4.xlarge_join_spark_huge_1,0.6684823757967024
10_r4.xlarge_kmeans_spark1.5_bigdata_1,4.906373553628946
10_r4.xlarge_kmeans_spark1.5_huge_1,0.620251412603278
10_r4.xlarge_lr_spark_bigdata_1,2.6114501033345707
10_r4.xlarge_lr_spark_huge_1,1.6223159341604838
10_r4.xlarge_naive-bayes_spark1.5_bigdata_1,3.3808525387572446
10_r4.xlarge_naive-bayes_spark1.5_huge_1,1.7188794781238221
10_r4.xlarge_pagerank_hadoop_bigdata_1,3.0719527181925734
10_r4.xlarge_pagerank_hadoop_huge_1,1.8676284108143433
10_r4.xlarge_pagerank_spark_bigdata_1,1.013447426751549
10_r4.xlarge_pagerank_spark_huge_1,0.5384144961925951
10_r4.xlarge_regression_spark1.5_bigdata_1,12.909089599369855
10_r4.xlarge_regression_spark1.5_huge_1,0.6298323559058814
10_r4.xlarge_terasort_hadoop_bigdata_1,1.6543226409304423
10_r4.xlarge_terasort_hadoop_huge_1,0.8220004862919347
10_r4.xlarge_wordcount_hadoop_bigdata_1,1.9196039235215532
10_r4.xlarge_wordcount_hadoop_huge_1,1.0374416328037737
12_c4.2xlarge_join_spark_bigdata_1,1.0018518726170742
12_c4.2xlarge_join_spark_huge_1,0.8335236472382627
12_c4.2xlarge_kmeans_spark1.5_bigdata_1,5.956673273182834
12_c4.2xlarge_kmeans_spark1.5_huge_1,3.142589933988568
12_c4.2xlarge_lr_spark_bigdata_1,5.184870325891327
12_c4.2xlarge_lr_spark_huge_1,3.252085517289273
12_c4.2xlarge_naive-bayes_spark1.5_bigdata_1,2.5851693967786895
12_c4.2xlarge_naive-bayes_spark1.5_huge_1,1.304587519570933
12_c4.2xlarge_pagerank_hadoop_bigdata_1,2.9382735805574645
12_c4.2xlarge_pagerank_hadoop_huge_1,2.200624790539399
12_c4.2xlarge_pagerank_spark_bigdata_1,1.4121359656966244
12_c4.2xlarge_pagerank_spark_huge_1,0.6821211734511157
12_c4.2xlarge_regression_spark1.5_bigdata_1,11.07712510423667
12_c4.2xlarge_regression_spark1.5_huge_1,2.8792398926327736
12_c4.2xlarge_terasort_hadoop_bigdata_1,1.7401340070709195
12_c4.2xlarge_terasort_hadoop_huge_1,1.1571057439117607
12_c4.2xlarge_wordcount_hadoop_bigdata_1,1.5700619243187988
12_c4.2xlarge_wordcount_hadoop_huge_1,0.8894028166800976
12_c4.large_join_spark_bigdata_1,0.6719551944212959
12_c4.large_join_spark_huge_1,0.45523701017349205
12_c4.large_kmeans_spark1.5_bigdata_1,5.688461131478945
12_c4.large_kmeans_spark1.5_huge_1,2.9174836651969103
12_c4.large_lr_spark_bigdata_1,2.907333380156118
12_c4.large_lr_spark_huge_1,1.2580940817283424
12_c4.large_naive-bayes_spark1.5_bigdata_1,2.4044318693182745
12_c4.large_naive-bayes_spark1.5_huge_1,1.229570134892546
12_c4.large_pagerank_hadoop_bigdata_1,2.003251451025176
12_c4.large_pagerank_hadoop_huge_1,1.1564438706629296
12_c4.large_pagerank_spark_bigdata_1,0.8384719954440695
12_c4.large_pagerank_spark_huge_1,0.6926617370159023
12_c4.large_regression_spark1.5_bigdata_1,8.900985974558953
12_c4.large_regression_spark1.5_huge_1,2.212638853991775
12_c4.large_terasort_hadoop_bigdata_1,1.289550048803278
12_c4.large_terasort_hadoop_huge_1,0.7482417666288769
12_c4.large_wordcount_hadoop_bigdata_1,1.529878728327959
12_c4.large_wordcount_hadoop_huge_1,0.7716581803181406
12_c4.xlarge_join_spark_bigdata_1,0.7735594621144856
12_c4.xlarge_join_spark_huge_1,0.5342175873837894
12_c4.xlarge_kmeans_spark1.5_bigdata_1,5.881571867840441
12_c4.xlarge_kmeans_spark1.5_huge_1,2.920338962976523
12_c4.xlarge_lr_spark_bigdata_1,4.34262089803141
12_c4.xlarge_lr_spark_huge_1,1.846104189802673
12_c4.xlarge_naive-bayes_spark1.5_bigdata_1,2.4342983944061003
12_c4.xlarge_naive-bayes_spark1.5_huge_1,1.2284810719193486
12_c4.xlarge_pagerank_hadoop_bigdata_1,2.2996624597979105
12_c4.xlarge_pagerank_hadoop_huge_1,1.4586010217675005
12_c4.xlarge_pagerank_spark_bigdata_1,1.07067227901181
12_c4.xlarge_pagerank_spark_huge_1,0.6514958040621637
12_c4.xlarge_regression_spark1.5_bigdata_1,10.02348317293817
12_c4.xlarge_regression_spark1.5_huge_1,2.391980160866432
12_c4.xlarge_terasort_hadoop_bigdata_1,1.066584106813092
12_c4.xlarge_terasort_hadoop_huge_1,0.6817098085708471
12_c4.xlarge_wordcount_hadoop_bigdata_1,1.5162725482411743
12_c4.xlarge_wordcount_hadoop_huge_1,0.7679890757534308
12_m4.2xlarge_join_spark_bigdata_1,0.9386966659935132
12_m4.2xlarge_join_spark_huge_1,0.7724098826062499
12_m4.2xlarge_kmeans_spark1.5_bigdata_1,3.345225001627779
12_m4.2xlarge_kmeans_spark1.5_huge_1,0.49223739618718076
12_m4.2xlarge_lr_spark_bigdata_1,3.8584090404539344
12_m4.2xlarge_lr_spark_huge_1,2.710331440354525
12_m4.2xlarge_naive-bayes_spark1.5_bigdata_1,2.227085112168858
12_m4.2xlarge_naive-bayes_spark1.5_huge_1,1.182484784742184
12_m4.2xlarge_pagerank_hadoop_bigdata_1,2.5377484379443898
12_m4.2xlarge_pagerank_hadoop_huge_1,2.020323079262409
12_m4.2xlarge_pagerank_spark_bigdata_1,0.8675136639382913
12_m4.2xlarge_pagerank_spark_huge_1,0.5719119437360601
12_m4.2xlarge_regression_spark1.5_bigdata_1,9.094606114232686
12_m4.2xlarge_regression_spark1.5_huge_1,0.5686149896479165
12_m4.2xlarge_terasort_hadoop_bigdata_1,1.4559055735022874
12_m4.2xlarge_terasort_hadoop_huge_1,0.7129148130409699
12_m4.2xlarge_wordcount_hadoop_bigdata_1,1.3763807113386546
12_m4.2xlarge_wordcount_hadoop_huge_1,0.7364230870958278
12_m4.large_join_spark_bigdata_1,0.6133123164034873
12_m4.large_join_spark_huge_1,0.3834537088538521
12_m4.large_kmeans_spark1.5_bigdata_1,3.410000545173527
12_m4.large_kmeans_spark1.5_huge_1,1.5330299152401823
12_m4.large_lr_spark_bigdata_1,1.3853050969619314
12_m4.large_lr_spark_huge_1,0.6238889274882504
12_m4.large_naive-bayes_spark1.5_bigdata_1,2.0890162545604047
12_m4.large_naive-bayes_spark1.5_huge_1,1.0678565153379114
12_m4.large_pagerank_hadoop_bigdata_1,1.7803534922921818
12_m4.large_pagerank_hadoop_huge_1,1.0128934688189424
12_m4.large_pagerank_spark_bigdata_1,0.8718981997893732
12_m4.large_pagerank_spark_huge_1,0.34597834776951075
12_m4.large_regression_spark1.5_bigdata_1,6.893875055227492
12_m4.large_regression_spark1.5_huge_1,2.0977827370860274
12_m4.large_terasort_hadoop_bigdata_1,1.121664586156417
12_m4.large_terasort_hadoop_huge_1,0.5751078281564981
12_m4.large_wordcount_hadoop_bigdata_1,1.2584470689558016
12_m4.large_wordcount_hadoop_huge_1,0.6779184019006992
12_m4.xlarge_join_spark_bigdata_1,0.7209800625964796
12_m4.xlarge_join_spark_huge_1,0.028402394592700757
12_m4.xlarge_kmeans_spark1.5_bigdata_1,3.1038337861757244
12_m4.xlarge_kmeans_spark1.5_huge_1,1.579339780097696
12_m4.xlarge_lr_spark_bigdata_1,2.1570081407753876
12_m4.xlarge_lr_spark_huge_1,1.3722969177173356
12_m4.xlarge_naive-bayes_spark1.5_bigdata_1,2.144011956324209
12_m4.xlarge_naive-bayes_spark1.5_huge_1,1.0960986595937527
12_m4.xlarge_pagerank_hadoop_bigdata_1,2.045715365169768
12_m4.xlarge_pagerank_hadoop_huge_1,1.3129961425138206
12_m4.xlarge_pagerank_spark_bigdata_1,0.8346864527845775
12_m4.xlarge_pagerank_spark_huge_1,0.388726387698153
12_m4.xlarge_regression_spark1.5_bigdata_1,8.390228379098996
12_m4.xlarge_regression_spark1.5_huge_1,2.1192949718945306
12_m4.xlarge_terasort_hadoop_bigdata_1,1.0783327350236063
12_m4.xlarge_terasort_hadoop_huge_1,0.5454651761155266
12_m4.xlarge_wordcount_hadoop_bigdata_1,1.3344166573549563
12_m4.xlarge_wordcount_hadoop_huge_1,0.6825685336629782
12_r4.2xlarge_join_spark_bigdata_1,1.1803692167968722
12_r4.2xlarge_join_spark_huge_1,0.9481785808909333
12_r4.2xlarge_kmeans_spark1.5_bigdata_1,1.0577830381999238
12_r4.2xlarge_kmeans_spark1.5_huge_1,0.6485358918386455
12_r4.2xlarge_lr_spark_bigdata_1,4.971169012796147
12_r4.2xlarge_lr_spark_huge_1,3.183163180510866
12_r4.2xlarge_naive-bayes_spark1.5_bigdata_1,2.9304456800790804
12_r4.2xlarge_naive-bayes_spark1.5_huge_1,0.7872307502580006
12_r4.2xlarge_pagerank_hadoop_bigdata_1,3.541546767859307
12_r4.2xlarge_pagerank_hadoop_huge_1,2.498473600111346
12_r4.2xlarge_pagerank_spark_bigdata_1,0.929291337595403
12_r4.2xlarge_pagerank_spark_huge_1,0.6456894148207124
12_r4.2xlarge_regression_spark1.5_bigdata_1,13.511455938526558
12_r4.2xlarge_regression_spark1.5_huge_1,0.5696302935084542
12_r4.2xlarge_terasort_hadoop_bigdata_1,1.529982128581874
12_r4.2xlarge_terasort_hadoop_huge_1,0.8481049800567914
12_r4.2xlarge_wordcount_hadoop_bigdata_1,1.7716076669216299
12_r4.2xlarge_wordcount_hadoop_huge_1,1.0209905342993695
12_r4.large_join_spark_bigdata_1,0.8561827525704352
12_r4.large_join_spark_huge_1,0.5147373697577319
12_r4.large_kmeans_spark1.5_bigdata_1,4.068505441751522
12_r4.large_kmeans_spark1.5_huge_1,2.077823441642944
12_r4.large_lr_spark_bigdata_1,1.529051659270127
12_r4.large_lr_spark_huge_1,0.7124588766234035
12_r4.large_naive-bayes_spark1.5_bigdata_1,2.7902514204873228
12_r4.large_naive-bayes_spark1.5_huge_1,1.4268773762275577
12_r4.large_pagerank_hadoop_bigdata_1,2.3475722092340745
12_r4.large_pagerank_hadoop_huge_1,1.3273918098326183
12_r4.large_pagerank_spark_bigdata_1,0.8748999856894274
12_r4.large_pagerank_spark_huge_1,0.41898725032679074
12_r4.large_regression_spark1.5_bigdata_1,9.04901218452603
12_r4.large_regression_spark1.5_huge_1,2.8406831060738638
12_r4.large_terasort_hadoop_bigdata_1,1.5367881037772209
12_r4.large_terasort_hadoop_huge_1,0.7051961436263803
12_r4.large_wordcount_hadoop_bigdata_1,1.7440233396532874
12_r4.large_wordcount_hadoop_huge_1,0.8759561973073081
12_r4.xlarge_join_spark_bigdata_1,0.921665698819155
12_r4.xlarge_join_spark_huge_1,0.6198483770649846
12_r4.xlarge_kmeans_spark1.5_bigdata_1,4.128478243359519
12_r4.xlarge_kmeans_spark1.5_huge_1,0.5352305145244186
12_r4.xlarge_lr_spark_bigdata_1,2.674415027907252
12_r4.xlarge_lr_spark_huge_1,1.7776894822351614
12_r4.xlarge_naive-bayes_spark1.5_bigdata_1,2.8086280572022733
12_r4.xlarge_naive-bayes_spark1.5_huge_1,1.4425470601064465
12_r4.xlarge_pagerank_hadoop_bigdata_1,2.679334709937944
12_r4.xlarge_pagerank_hadoop_huge_1,1.6991743825216876
12_r4.xlarge_pagerank_spark_bigdata_1,0.88878695864115
12_r4.xlarge_pagerank_spark_huge_1,0.47319716467041284
12_r4.xlarge_regression_spark1.5_bigdata_1,10.798554307828935
12_r4.xlarge_regression_spark1.5_huge_1,0.585922582172677
12_r4.xlarge_terasort_hadoop_bigdata_1,1.4884646447815133
12_r4.xlarge_terasort_hadoop_huge_1,0.7279734056507962
12_r4.xlarge_wordcount_hadoop_bigdata_1,1.7441150280732622
12_r4.xlarge_wordcount_hadoop_huge_1,0.8756172986965993
16_c4.large_join_spark_bigdata_1,0.6032228038740984
16_c4.large_join_spark_huge_1,0.3587001297092063
16_c4.large_kmeans_spark1.5_bigdata_1,4.251043684633637
16_c4.large_kmeans_spark1.5_huge_1,2.1623945260675597
16_c4.large_lr_spark_bigdata_1,2.572837558944671
16_c4.large_lr_spark_huge_1,1.1395941894150103
16_c4.large_naive-bayes_spark1.5_bigdata_1,1.8166970314142663
16_c4.large_naive-bayes_spark1.5_huge_1,0.9195739201066828
16_c4.large_pagerank_hadoop_bigdata_1,1.59284956397383
16_c4.large_pagerank_hadoop_huge_1,0.9625929475216171
16_c4.large_pagerank_spark_bigdata_1,0.6365405067878603
16_c4.large_pagerank_spark_huge_1,0.512851426490282
16_c4.large_regression_spark1.5_bigdata_1,6.967286558101432
16_c4.large_regression_spark1.5_huge_1,1.7073698731333247
16_c4.large_terasort_hadoop_bigdata_1,0.971798584655466
16_c4.large_terasort_hadoop_huge_1,0.5107547127956897
16_c4.large_wordcount_hadoop_bigdata_1,1.1173630810162023
16_c4.large_wordcount_hadoop_huge_1,0.5708903977361403
16_c4.xlarge_join_spark_bigdata_1,0.6119923696220254
16_c4.xlarge_join_spark_huge_1,0.49705874537916983
16_c4.xlarge_kmeans_spark1.5_bigdata_1,4.2769675458690966
16_c4.xlarge_kmeans_spark1.5_huge_1,2.312599959813814
16_c4.xlarge_lr_spark_bigdata_1,4.015832834458941
16_c4.xlarge_lr_spark_huge_1,1.7277076737889103
16_c4.xlarge_naive-bayes_spark1.5_bigdata_1,1.827023368930432
16_c4.xlarge_naive-bayes_spark1.5_huge_1,0.9423872564788687
16_c4.xlarge_pagerank_hadoop_bigdata_1,1.9965097769188762
16_c4.xlarge_pagerank_hadoop_huge_1,1.1862801205359508
16_c4.xlarge_pagerank_spark_bigdata_1,0.841870712872649
16_c4.xlarge_pagerank_spark_huge_1,0.47204205126004567
16_c4.xlarge_regression_spark1.5_bigdata_1,6.984964018142176
16_c4.xlarge_regression_spark1.5_huge_1,1.748985975389344
16_c4.xlarge_terasort_hadoop_bigdata_1,1.1731556764532973
16_c4.xlarge_terasort_hadoop_huge_1,0.5232780434953817
16_c4.xlarge_wordcount_hadoop_bigdata_1,1.168520473381927
16_c4.xlarge_wordcount_hadoop_huge_1,0.6403951156347052
16_m4.large_join_spark_bigdata_1,0.46428271803863896
16_m4.large_join_spark_huge_1,0.33403126313192255
16_m4.large_kmeans_spark1.5_bigdata_1,2.3670740576890688
16_m4.large_kmeans_spark1.5_huge_1,1.1887339941635822
16_m4.large_lr_spark_bigdata_1,1.2424272541686567
16_m4.large_lr_spark_huge_1,0.6206413978566157
16_m4.large_naive-bayes_spark1.5_bigdata_1,1.5816569384608845
16_m4.large_naive-bayes_spark1.5_huge_1,0.8105106747503933
16_m4.large_pagerank_hadoop_bigdata_1,1.4241463631671942
16_m4.large_pagerank_hadoop_huge_1,0.8398415734202482
16_m4.large_pagerank_spark_bigdata_1,0.6436577257760334
16_m4.large_pagerank_spark_huge_1,0.2680081085592944
16_m4.large_regression_spark1.5_bigdata_1,6.080642975473508
16_m4.large_regression_spark1.5_huge_1,1.5588354581379757
16_m4.large_terasort_hadoop_bigdata_1,0.8474899411805129
16_m4.large_terasort_hadoop_huge_1,0.4211523062718827
16_m4.large_wordcount_hadoop_bigdata_1,0.9380721742729565
16_m4.large_wordcount_hadoop_huge_1,0.49374030204431746
16_m4.xlarge_join_spark_bigdata_1,0.6158675353819504
16_m4.xlarge_join_spark_huge_1,0.430654399544866
16_m4.xlarge_kmeans_spark1.5_bigdata_1,2.3950641421055563
16_m4.xlarge_kmeans_spark1.5_huge_1,0.34098089107984314
16_m4.xlarge_lr_spark_bigdata_1,2.235156476433249
16_m4.xlarge_lr_spark_huge_1,1.3974554060495108
16_m4.xlarge_naive-bayes_spark1.5_bigdata_1,1.648781937954651
16_m4.xlarge_naive-bayes_spark1.5_huge_1,0.8378630075370161
16_m4.xlarge_pagerank_hadoop_bigdata_1,1.8045729894268763
16_m4.xlarge_pagerank_hadoop_huge_1,1.1055340730535868
16_m4.xlarge_pagerank_spark_bigdata_1,0.6087275498729983
16_m4.xlarge_pagerank_spark_huge_1,0.3364802453175782
16_m4.xlarge_regression_spark1.5_bigdata_1,6.376826471846055
16_m4.xlarge_regression_spark1.5_huge_1,1.743025316354503
16_m4.xlarge_terasort_hadoop_bigdata_1,1.0035574342057487
16_m4.xlarge_terasort_hadoop_huge_1,0.5013169432066534
16_m4.xlarge_wordcount_hadoop_bigdata_1,0.9937135288332806
16_m4.xlarge_wordcount_hadoop_huge_1,0.5545865897126477
16_r4.large_join_spark_bigdata_1,0.6590480457046618
16_r4.large_join_spark_huge_1,0.4112859595665283
16_r4.large_kmeans_spark1.5_bigdata_1,3.036967836419513
16_r4.large_kmeans_spark1.5_huge_1,0.3768728990262156
16_r4.large_lr_spark_bigdata_1,1.3798241506736437
16_r4.large_lr_spark_huge_1,0.721814475844689
16_r4.large_naive-bayes_spark1.5_bigdata_1,2.0888937983668225
16_r4.large_naive-bayes_spark1.5_huge_1,1.0793398378648258
16_r4.large_pagerank_hadoop_bigdata_1,1.842924154447843
16_r4.large_pagerank_hadoop_huge_1,1.114330863591425
16_r4.large_pagerank_spark_bigdata_1,0.643104090876576
16_r4.large_pagerank_spark_huge_1,0.3263643305847991
16_r4.large_regression_spark1.5_bigdata_1,8.28817876703034
16_r4.large_regression_spark1.5_huge_1,0.13409031923398732
16_r4.large_terasort_hadoop_bigdata_1,1.1096888339202522
16_r4.large_terasort_hadoop_huge_1,0.57079689597924
16_r4.large_wordcount_hadoop_bigdata_1,1.3271801037469901
16_r4.large_wordcount_hadoop_huge_1,0.7194296181008233
16_r4.xlarge_join_spark_bigdata_1,0.7374784705720665
16_r4.xlarge_join_spark_huge_1,0.5647077165057817
16_r4.xlarge_kmeans_spark1.5_bigdata_1,0.8518584119094201
16_r4.xlarge_kmeans_spark1.5_huge_1,0.42748022079030323
16_r4.xlarge_lr_spark_bigdata_1,2.8116801610418496
16_r4.xlarge_lr_spark_huge_1,1.8484383904068034
16_r4.xlarge_naive-bayes_spark1.5_bigdata_1,2.117133303903133
16_r4.xlarge_naive-bayes_spark1.5_huge_1,0.5622329585530271
16_r4.xlarge_pagerank_hadoop_bigdata_1,2.217843222298999
16_r4.xlarge_pagerank_hadoop_huge_1,1.454912300581831
16_r4.xlarge_pagerank_spark_bigdata_1,0.644282469788638
16_r4.xlarge_pagerank_spark_huge_1,0.41305683487732253
16_r4.xlarge_regression_spark1.5_bigdata_1,8.259418498098741
16_r4.xlarge_regression_spark1.5_huge_1,0.5100440200695611
16_r4.xlarge_terasort_hadoop_bigdata_1,1.1761934905043818
16_r4.xlarge_terasort_hadoop_huge_1,0.5567528769865295
16_r4.xlarge_wordcount_hadoop_bigdata_1,1.3629497436154574
16_r4.xlarge_wordcount_hadoop_huge_1,0.7036244640700735
20_c4.xlarge_join_spark_bigdata_1,0.5925707069979067
20_c4.xlarge_join_spark_huge_1,0.46831493377273636
20_c4.xlarge_kmeans_spark1.5_bigdata_1,3.840866013930266
20_c4.xlarge_kmeans_spark1.5_huge_1,1.8078870317922229
20_c4.xlarge_lr_spark_bigdata_1,4.0663904350615345
20_c4.xlarge_lr_spark_huge_1,2.2303522805116565
20_c4.xlarge_naive-bayes_spark1.5_bigdata_1,1.494258676391191
20_c4.xlarge_naive-bayes_spark1.5_huge_1,0.770543296999158
20_c4.xlarge_pagerank_hadoop_bigdata_1,1.6230333743250789
20_c4.xlarge_pagerank_hadoop_huge_1,1.1737399346503163
20_c4.xlarge_pagerank_spark_bigdata_1,0.8849478690124191
20_c4.xlarge_pagerank_spark_huge_1,0.3915074813054641
20_c4.xlarge_regression_spark1.5_bigdata_1,6.557871032221482
20_c4.xlarge_regression_spark1.5_huge_1,1.6037532451376824
20_c4.xlarge_terasort_hadoop_bigdata_1,1.017178182253771
20_c4.xlarge_terasort_hadoop_huge_1,0.555500989866881
20_c4.xlarge_wordcount_hadoop_bigdata_1,0.014418672810706986
20_c4.xlarge_wordcount_hadoop_huge_1,0.5760276172410083
20_m4.xlarge_join_spark_bigdata_1,0.4738910191951169
20_m4.xlarge_join_spark_huge_1,0.4366888110726114
20_m4.xlarge_kmeans_spark1.5_bigdata_1,1.8892118519326269
20_m4.xlarge_kmeans_spark1.5_huge_1,0.2789820200190991
20_m4.xlarge_lr_spark_bigdata_1,2.4611333140226943
20_m4.xlarge_lr_spark_huge_1,1.7375467142742067
20_m4.xlarge_naive-bayes_spark1.5_bigdata_1,1.301797293680904
20_m4.xlarge_naive-bayes_spark1.5_huge_1,0.6978749170621398
20_m4.xlarge_pagerank_hadoop_bigdata_1,1.4747394925806905
20_m4.xlarge_pagerank_hadoop_huge_1,1.0113078651387268
20_m4.xlarge_pagerank_spark_bigdata_1,0.5025176642741949
20_m4.xlarge_pagerank_spark_huge_1,0.303000691720506
20_m4.xlarge_regression_spark1.5_bigdata_1,5.025797503712121
20_m4.xlarge_regression_spark1.5_huge_1,0.2922618615364129
20_m4.xlarge_terasort_hadoop_bigdata_1,0.7690892664380246
20_m4.xlarge_terasort_hadoop_huge_1,0.40765716998223533
20_m4.xlarge_wordcount_hadoop_bigdata_1,0.8536513751900981
20_m4.xlarge_wordcount_hadoop_huge_1,0.5014156210834084
20_r4.xlarge_join_spark_bigdata_1,0.6588736450980087
20_r4.xlarge_join_spark_huge_1,0.5296084266560765
20_r4.xlarge_kmeans_spark1.5_bigdata_1,0.6796380333738858
20_r4.xlarge_kmeans_spark1.5_huge_1,0.3939358243276646
20_r4.xlarge_lr_spark_bigdata_1,3.1375631269448365
20_r4.xlarge_lr_spark_huge_1,2.3032759769222277
20_r4.xlarge_naive-bayes_spark1.5_bigdata_1,1.7173689247725534
20_r4.xlarge_naive-bayes_spark1.5_huge_1,0.4620715161078555
20_r4.xlarge_pagerank_hadoop_bigdata_1,1.9672817204941866
20_r4.xlarge_pagerank_hadoop_huge_1,1.2860092182846279
20_r4.xlarge_pagerank_spark_bigdata_1,0.5735994523643055
20_r4.xlarge_pagerank_spark_huge_1,0.3747499271990629
20_r4.xlarge_regression_spark1.5_bigdata_1,6.437619313468816
20_r4.xlarge_regression_spark1.5_huge_1,0.3354589435676688
20_r4.xlarge_terasort_hadoop_bigdata_1,0.9711514269949835
20_r4.xlarge_terasort_hadoop_huge_1,0.4829997460981571
20_r4.xlarge_wordcount_hadoop_bigdata_1,1.050493045513759
20_r4.xlarge_wordcount_hadoop_huge_1,0.6229939663104289
24_c4.large_join_spark_bigdata_1,0.37354585793287687
24_c4.large_join_spark_huge_1,0.3082885983905847
24_c4.large_kmeans_spark1.5_bigdata_1,2.9079650785593993
24_c4.large_kmeans_spark1.5_huge_1,1.7954807441277412
24_c4.large_lr_spark_bigdata_1,2.3569994046696037
24_c4.large_lr_spark_huge_1,0.987887877747502
24_c4.large_naive-bayes_spark1.5_bigdata_1,1.234464714765075
24_c4.large_naive-bayes_spark1.5_huge_1,0.6454340538933151
24_c4.large_pagerank_hadoop_bigdata_1,1.1898048294695587
24_c4.large_pagerank_hadoop_huge_1,0.7665595147764243
24_c4.large_pagerank_spark_bigdata_1,0.507255779516108
24_c4.large_pagerank_spark_huge_1,0.3358220220277857
24_c4.large_regression_spark1.5_bigdata_1,4.599501557514301
24_c4.large_regression_spark1.5_huge_1,1.1572816915747757
24_c4.large_terasort_hadoop_bigdata_1,0.6740224442305783
24_c4.large_terasort_hadoop_huge_1,0.3689083832595024
24_c4.large_wordcount_hadoop_bigdata_1,0.798042668986251
24_c4.large_wordcount_hadoop_huge_1,0.4229657113460624
24_c4.xlarge_join_spark_bigdata_1,0.5368112830222043
24_c4.xlarge_join_spark_huge_1,0.45988548163023657
24_c4.xlarge_kmeans_spark1.5_bigdata_1,2.9126557400552677
24_c4.xlarge_kmeans_spark1.5_huge_1,1.5486371632608245
24_c4.xlarge_lr_spark_bigdata_1,2.7461627381740965
24_c4.xlarge_lr_spark_huge_1,1.8050423271809668
24_c4.xlarge_naive-bayes_spark1.5_bigdata_1,1.285953883966756
24_c4.xlarge_naive-bayes_spark1.5_huge_1,0.6734794053614799
24_c4.xlarge_pagerank_hadoop_bigdata_1,1.5034530653522689
24_c4.xlarge_pagerank_hadoop_huge_1,1.1056171893696949
24_c4.xlarge_pagerank_spark_bigdata_1,0.7247688422686033
24_c4.xlarge_pagerank_spark_huge_1,0.35754840809277433
24_c4.xlarge_regression_spark1.5_bigdata_1,5.409606247188133
24_c4.xlarge_regression_spark1.5_huge_1,1.3365127002181088
24_c4.xlarge_terasort_hadoop_bigdata_1,0.6784963049776276
24_c4.xlarge_terasort_hadoop_huge_1,0.41293647917475446
24_c4.xlarge_wordcount_hadoop_bigdata_1,0.8544893209603006
24_c4.xlarge_wordcount_hadoop_huge_1,0.4785044398037429
24_m4.large_join_spark_bigdata_1,0.3562318031405572
24_m4.large_join_spark_huge_1,0.24605911060292737
24_m4.large_kmeans_spark1.5_bigdata_1,1.5809305709038197
24_m4.large_kmeans_spark1.5_huge_1,0.8343651809478368
24_m4.large_lr_spark_bigdata_1,1.202915527793946
24_m4.large_lr_spark_huge_1,0.6942252899409279
24_m4.large_naive-bayes_spark1.5_bigdata_1,1.0645849398482026
24_m4.large_naive-bayes_spark1.5_huge_1,0.5665784536957345
24_m4.large_pagerank_hadoop_bigdata_1,1.0602337935071313
24_m4.large_pagerank_hadoop_huge_1,0.6699119460256598
24_m4.large_pagerank_spark_bigdata_1,0.4238687865553969
24_m4.large_pagerank_spark_huge_1,0.20758961110119706
24_m4.large_regression_spark1.5_bigdata_1,4.141885501304773
24_m4.large_regression_spark1.5_huge_1,1.0985693887229788
24_m4.large_terasort_hadoop_bigdata_1,0.6023147685299824
24_m4.large_terasort_hadoop_huge_1,0.3053486372913802
24_m4.large_wordcount_hadoop_bigdata_1,0.6595152363068315
24_m4.large_wordcount_hadoop_huge_1,0.3640234187527007
24_m4.xlarge_join_spark_bigdata_1,0.4587795891268665
24_m4.xlarge_join_spark_huge_1,0.4329897973482325
24_m4.xlarge_kmeans_spark1.5_bigdata_1,1.6270541359818114
24_m4.xlarge_kmeans_spark1.5_huge_1,0.2527215510883206
24_m4.xlarge_lr_spark_bigdata_1,2.0307917496613035
24_m4.xlarge_lr_spark_huge_1,1.3758356460550039
24_m4.xlarge_naive-bayes_spark1.5_bigdata_1,1.0936109005043662
24_m4.xlarge_naive-bayes_spark1.5_huge_1,0.5843697265193865
24_m4.xlarge_pagerank_hadoop_bigdata_1,1.3178916888004726
24_m4.xlarge_pagerank_hadoop_huge_1,0.981584259059554
24_m4.xlarge_pagerank_spark_bigdata_1,0.43449141665660596
24_m4.xlarge_pagerank_spark_huge_1,0.29696565681588905
24_m4.xlarge_regression_spark1.5_bigdata_1,4.140437015375606
24_m4.xlarge_regression_spark1.5_huge_1,0.2976788698737594
24_m4.xlarge_terasort_hadoop_bigdata_1,0.6950214948432031
24_m4.xlarge_terasort_hadoop_huge_1,0.3518998825761396
24_m4.xlarge_wordcount_hadoop_bigdata_1,0.7375204459307508
24_m4.xlarge_wordcount_hadoop_huge_1,0.36291698913878695
24_r4.large_join_spark_bigdata_1,0.4704597217060842
24_r4.large_join_spark_huge_1,0.32651926532937886
24_r4.large_kmeans_spark1.5_bigdata_1,2.0656687571983605
24_r4.large_kmeans_spark1.5_huge_1,0.29801948945997764
24_r4.large_lr_spark_bigdata_1,1.4085218909174289
24_r4.large_lr_spark_huge_1,0.8175274263158936
24_r4.large_naive-bayes_spark1.5_bigdata_1,1.4280277456650927
24_r4.large_naive-bayes_spark1.5_huge_1,0.7304563106893637
24_r4.large_pagerank_hadoop_bigdata_1,1.3451518823644555
24_r4.large_pagerank_hadoop_huge_1,0.8766403098708715
24_r4.large_pagerank_spark_bigdata_1,0.45336253650402564
24_r4.large_pagerank_spark_huge_1,0.2557451079338407
24_r4.large_regression_spark1.5_bigdata_1,5.545837416209638
24_r4.large_regression_spark1.5_huge_1,0.3321071490252572
24_r4.large_terasort_hadoop_bigdata_1,0.7421933623956691
24_r4.large_terasort_hadoop_huge_1,0.4087591757662391
24_r4.large_wordcount_hadoop_bigdata_1,0.9554081385272197
24_r4.large_wordcount_hadoop_huge_1,0.45677162434075574
24_r4.xlarge_join_spark_bigdata_1,0.6190440164548743
24_r4.xlarge_join_spark_huge_1,0.48500040852253845
24_r4.xlarge_kmeans_spark1.5_bigdata_1,0.5653341647560812
24_r4.xlarge_kmeans_spark1.5_huge_1,0.3293397561966623
24_r4.xlarge_lr_spark_bigdata_1,2.440641148177969
24_r4.xlarge_lr_spark_huge_1,1.701380518286304
24_r4.xlarge_naive-bayes_spark1.5_bigdata_1,1.4503242430032575
24_r4.xlarge_naive-bayes_spark1.5_huge_1,0.4027859650279758
24_r4.xlarge_pagerank_hadoop_bigdata_1,1.7686439609939173
24_r4.xlarge_pagerank_hadoop_huge_1,1.2845479567989149
24_r4.xlarge_pagerank_spark_bigdata_1,0.5168194950176692
24_r4.xlarge_pagerank_spark_huge_1,0.35719386498452704
24_r4.xlarge_regression_spark1.5_bigdata_1,5.586599947054578
24_r4.xlarge_regression_spark1.5_huge_1,0.3027373436421515
24_r4.xlarge_terasort_hadoop_bigdata_1,0.7210734029393718
24_r4.xlarge_terasort_hadoop_huge_1,0.4298293572098422
24_r4.xlarge_wordcount_hadoop_bigdata_1,1.026062192728365
24_r4.xlarge_wordcount_hadoop_huge_1,0.5113465578700046
32_c4.large_join_spark_bigdata_1,0.39988377914331946
32_c4.large_join_spark_huge_1,0.2474257646233766
32_c4.large_kmeans_spark1.5_bigdata_1,3.0845513814103542
32_c4.large_kmeans_spark1.5_huge_1,1.1032335838951435
32_c4.large_lr_spark_bigdata_1,2.077040678208121
32_c4.large_lr_spark_huge_1,0.9830801871418767
32_c4.large_naive-bayes_spark1.5_bigdata_1,0.9289170519266117
32_c4.large_naive-bayes_spark1.5_huge_1,0.4864630029621386
32_c4.large_pagerank_hadoop_bigdata_1,0.9674731848527462
32_c4.large_pagerank_hadoop_huge_1,0.6222229631704324
32_c4.large_pagerank_spark_bigdata_1,0.42682412781843115
32_c4.large_pagerank_spark_huge_1,0.24102257945219302
32_c4.large_regression_spark1.5_bigdata_1,3.4690783105406426
32_c4.large_regression_spark1.5_huge_1,0.8686676564068928
32_c4.large_terasort_hadoop_bigdata_1,0.5146845439429336
32_c4.large_terasort_hadoop_huge_1,0.2701281679058965
32_c4.large_wordcount_hadoop_bigdata_1,0.6211565744556979
32_c4.large_wordcount_hadoop_huge_1,0.3327302725450813
32_m4.large_join_spark_bigdata_1,0.29931256822650887
32_m4.large_join_spark_huge_1,0.23788709825424795
32_m4.large_kmeans_spark1.5_bigdata_1,1.1977419720490754
32_m4.large_kmeans_spark1.5_huge_1,0.20811836278307516
32_m4.large_lr_spark_bigdata_1,1.2034499551426676
32_m4.large_lr_spark_huge_1,0.7658690773352141
32_m4.large_naive-bayes_spark1.5_bigdata_1,0.8152040893102218
32_m4.large_naive-bayes_spark1.5_huge_1,0.4375094871668587
32_m4.large_pagerank_hadoop_bigdata_1,0.8612422366856141
32_m4.large_pagerank_hadoop_huge_1,0.5596654708753261
32_m4.large_pagerank_spark_bigdata_1,0.30444249742863205
32_m4.large_pagerank_spark_huge_1,0.18129578464955945
32_m4.large_regression_spark1.5_bigdata_1,3.108538346512349
32_m4.large_regression_spark1.5_huge_1,0.8515399344495044
32_m4.large_terasort_hadoop_bigdata_1,0.4517641297141761
32_m4.large_terasort_hadoop_huge_1,0.23596737854424715
32_m4.large_wordcount_hadoop_bigdata_1,0.5579472833810464
32_m4.large_wordcount_hadoop_huge_1,0.28800100976593734
32_r4.large_join_spark_bigdata_1,0.3699801771703686
32_r4.large_join_spark_huge_1,0.3124079690389786
32_r4.large_kmeans_spark1.5_bigdata_1,0.40549832880507863
32_r4.large_kmeans_spark1.5_huge_1,0.098244400652288
32_r4.large_lr_spark_bigdata_1,1.3921916261135572
32_r4.large_lr_spark_huge_1,0.8845378038602784
32_r4.large_naive-bayes_spark1.5_bigdata_1,1.0882892677057963
32_r4.large_naive-bayes_spark1.5_huge_1,0.3014992938454966
32_r4.large_pagerank_hadoop_bigdata_1,1.1419024057346314
32_r4.large_pagerank_hadoop_huge_1,0.7234394411554511
32_r4.large_pagerank_spark_bigdata_1,0.36580062148488485
32_r4.large_pagerank_spark_huge_1,0.22257747954479104
32_r4.large_regression_spark1.5_bigdata_1,4.2787558652015365
32_r4.large_regression_spark1.5_huge_1,0.28656477692460663
32_r4.large_terasort_hadoop_bigdata_1,0.6398216503433535
32_r4.large_terasort_hadoop_huge_1,0.3045305549469161
32_r4.large_wordcount_hadoop_bigdata_1,0.6977485961071872
32_r4.large_wordcount_hadoop_huge_1,0.39291535210908074
40_c4.large_join_spark_bigdata_1,0.30683922208573283
40_c4.large_join_spark_huge_1,0.24396744748058172
40_c4.large_kmeans_spark1.5_bigdata_1,1.753380595567689
40_c4.large_kmeans_spark1.5_huge_1,0.9444816644855002
40_c4.large_lr_spark_bigdata_1,2.0026535200276374
40_c4.large_lr_spark_huge_1,1.0277293605926514
40_c4.large_naive-bayes_spark1.5_bigdata_1,0.766636082838782
40_c4.large_naive-bayes_spark1.5_huge_1,0.4102318655940833
40_c4.large_pagerank_hadoop_bigdata_1,0.8829636036231802
40_c4.large_pagerank_hadoop_huge_1,0.6106948091101757
40_c4.large_pagerank_spark_bigdata_1,0.4408061319331223
40_c4.large_pagerank_spark_huge_1,0.22623938348330605
40_c4.large_regression_spark1.5_bigdata_1,2.8551428733003514
40_c4.large_regression_spark1.5_huge_1,0.7434690128653048
40_c4.large_terasort_hadoop_bigdata_1,0.4536610476867866
40_c4.large_terasort_hadoop_huge_1,0.2693119847786246
40_c4.large_wordcount_hadoop_bigdata_1,0.5320763220277549
40_c4.large_wordcount_hadoop_huge_1,0.2988066194710553
40_m4.large_join_spark_bigdata_1,0.3237698345367525
40_m4.large_join_spark_huge_1,0.2566161439689641
40_m4.large_kmeans_spark1.5_bigdata_1,1.0170689496619876
40_m4.large_kmeans_spark1.5_huge_1,0.18382833488606304
40_m4.large_lr_spark_bigdata_1,1.2810067617277228
40_m4.large_lr_spark_huge_1,0.9541773018476984
40_m4.large_naive-bayes_spark1.5_bigdata_1,0.6670109674940589
40_m4.large_naive-bayes_spark1.5_huge_1,0.36497351152195306
40_m4.large_pagerank_hadoop_bigdata_1,0.7624753192691214
40_m4.large_pagerank_hadoop_huge_1,0.530453657114351
40_m4.large_pagerank_spark_bigdata_1,0.254060536101266
40_m4.large_pagerank_spark_huge_1,0.19028687827417182
40_m4.large_regression_spark1.5_bigdata_1,2.5247221699225184
40_m4.large_regression_spark1.5_huge_1,0.17970184024575475
40_m4.large_terasort_hadoop_bigdata_1,0.388664660871732
40_m4.large_terasort_hadoop_huge_1,0.20466876526007746
40_m4.large_wordcount_hadoop_bigdata_1,0.4687071617707271
40_m4.large_wordcount_hadoop_huge_1,0.2616167589809987
40_r4.large_join_spark_bigdata_1,0.3332274039940781
40_r4.large_join_spark_huge_1,0.2796839055537319
40_r4.large_kmeans_spark1.5_bigdata_1,0.4373221082682289
40_r4.large_kmeans_spark1.5_huge_1,0.09912787788830332
40_r4.large_lr_spark_bigdata_1,1.5433536275832953
40_r4.large_lr_spark_huge_1,1.1273780958966821
40_r4.large_naive-bayes_spark1.5_bigdata_1,0.8769565850985958
40_r4.large_naive-bayes_spark1.5_huge_1,0.25371998320253797
40_r4.large_pagerank_hadoop_bigdata_1,0.9476649902164407
40_r4.large_pagerank_hadoop_huge_1,0.67657788750187
40_r4.large_pagerank_spark_bigdata_1,0.3047915173708831
40_r4.large_pagerank_spark_huge_1,0.20606080409183838
40_r4.large_regression_spark1.5_bigdata_1,3.385250142874326
40_r4.large_regression_spark1.5_huge_1,0.23790147801698283
40_r4.large_terasort_hadoop_bigdata_1,0.5379195222908918
40_r4.large_terasort_hadoop_huge_1,0.29017121080576364
40_r4.large_wordcount_hadoop_bigdata_1,0.6486073414585746
40_r4.large_wordcount_hadoop_huge_1,0.3474974672673064
48_c4.large_join_spark_bigdata_1,0.2999021597040349
48_c4.large_join_spark_huge_1,0.28076913343576876
48_c4.large_kmeans_spark1.5_bigdata_1,1.5788672438512856
48_c4.large_kmeans_spark1.5_huge_1,0.7966183182576956
48_c4.large_lr_spark_bigdata_1,1.536146308127169
48_c4.large_lr_spark_huge_1,1.0072367737038097
48_c4.large_naive-bayes_spark1.5_bigdata_1,0.6546952588713912
48_c4.large_naive-bayes_spark1.5_huge_1,0.3584228530643362
48_c4.large_pagerank_hadoop_bigdata_1,0.795777191573243
48_c4.large_pagerank_hadoop_huge_1,0.5777808800839062
48_c4.large_pagerank_spark_bigdata_1,0.3547896401650416
48_c4.large_pagerank_spark_huge_1,0.21316192528831723
48_c4.large_regression_spark1.5_bigdata_1,2.3704346309150712
48_c4.large_regression_spark1.5_huge_1,0.6415079000512298
48_c4.large_terasort_hadoop_bigdata_1,0.40639065615465947
48_c4.large_terasort_hadoop_huge_1,0.1989507056420983
48_c4.large_wordcount_hadoop_bigdata_1,0.4509700511187416
48_c4.large_wordcount_hadoop_huge_1,0.2301502443231931
48_m4.large_join_spark_bigdata_1,0.24538152805658797
48_m4.large_join_spark_huge_1,0.2581473160416145
48_m4.large_kmeans_spark1.5_bigdata_1,0.8755854897100915
48_m4.large_kmeans_spark1.5_huge_1,0.07915091552942724
48_m4.large_lr_spark_bigdata_1,1.141960498277621
48_m4.large_lr_spark_huge_1,0.7493270685633071
48_m4.large_naive-bayes_spark1.5_bigdata_1,0.5751927920008356
48_m4.large_naive-bayes_spark1.5_huge_1,0.3239857746093002
48_m4.large_pagerank_hadoop_bigdata_1,0.6783242627055724
48_m4.large_pagerank_hadoop_huge_1,0.4988250374789073
48_m4.large_pagerank_spark_bigdata_1,0.24619553160823202
48_m4.large_pagerank_spark_huge_1,0.18162807261669076
48_m4.large_regression_spark1.5_bigdata_1,2.1130514410303074
48_m4.large_regression_spark1.5_huge_1,0.18088738117066033
48_m4.large_terasort_hadoop_bigdata_1,0.33603992731881477
48_m4.large_terasort_hadoop_huge_1,0.16101690559541676
48_m4.large_wordcount_hadoop_bigdata_1,0.36662462209063257
48_m4.large_wordcount_hadoop_huge_1,0.20196776978920566
48_r4.large_join_spark_bigdata_1,0.3297426387714238
48_r4.large_join_spark_huge_1,0.26833532613980104
48_r4.large_kmeans_spark1.5_bigdata_1,0.3365782474707152
48_r4.large_kmeans_spark1.5_huge_1,0.1495846721845242
48_r4.large_lr_spark_bigdata_1,1.2953217770424987
48_r4.large_lr_spark_huge_1,0.9567878660765574
48_r4.large_naive-bayes_spark1.5_bigdata_1,0.7544785236150177
48_r4.large_naive-bayes_spark1.5_huge_1,0.24630179788581893
48_r4.large_pagerank_hadoop_bigdata_1,0.9194961263710513
48_r4.large_pagerank_hadoop_huge_1,0.6506889482245245
48_r4.large_pagerank_spark_bigdata_1,0.3023797029460193
48_r4.large_pagerank_spark_huge_1,0.22503724724721866
48_r4.large_regression_spark1.5_bigdata_1,2.8111253399256126
48_r4.large_regression_spark1.5_huge_1,0.08305292507878041
48_r4.large_terasort_hadoop_bigdata_1,0.4480827191639967
48_r4.large_terasort_hadoop_huge_1,0.22315877166284814
48_r4.large_wordcount_hadoop_bigdata_1,0.5118337670539194
48_r4.large_wordcount_hadoop_huge_1,0.24736665303152636
4_c4.2xlarge_join_spark_bigdata_1,2.1045556009676
4_c4.2xlarge_join_spark_huge_1,1.312427735383548
4_c4.2xlarge_kmeans_spark1.5_bigdata_1,18.230744324715392
4_c4.2xlarge_kmeans_spark1.5_huge_1,13.42663452495239
4_c4.2xlarge_lr_spark_bigdata_1,11.705696994714737
4_c4.2xlarge_lr_spark_huge_1,4.258756188154635
4_c4.2xlarge_naive-bayes_spark1.5_bigdata_1,7.472898810056269
4_c4.2xlarge_naive-bayes_spark1.5_huge_1,3.676016620845576
4_c4.2xlarge_pagerank_hadoop_bigdata_1,6.045439754427146
4_c4.2xlarge_pagerank_hadoop_huge_1,3.6919801108394705
4_c4.2xlarge_pagerank_spark_bigdata_1,3.254554901866072
4_c4.2xlarge_pagerank_spark_huge_1,2.301152407637311
4_c4.2xlarge_regression_spark1.5_bigdata_1,32.7612334522874
4_c4.2xlarge_regression_spark1.5_huge_1,7.565121686908729
4_c4.2xlarge_terasort_hadoop_bigdata_1,15.55590690076644
4_c4.2xlarge_terasort_hadoop_huge_1,3.131906990037817
4_c4.2xlarge_wordcount_hadoop_bigdata_1,4.127633406367209
4_c4.2xlarge_wordcount_hadoop_huge_1,2.096986305441951
4_c4.large_join_spark_bigdata_1,2.00256560118903
4_c4.large_join_spark_huge_1,1.0818100950511833
4_c4.large_kmeans_spark1.5_bigdata_1,8.624910318239312
4_c4.large_kmeans_spark1.5_huge_1,8.692971111783464
4_c4.large_lr_spark_bigdata_1,4.666920440733874
4_c4.large_lr_spark_huge_1,3.827547497423562
4_c4.large_naive-bayes_spark1.5_bigdata_1,7.371422651681549
4_c4.large_naive-bayes_spark1.5_huge_1,3.6195470934898495
4_c4.large_pagerank_hadoop_bigdata_1,5.242884073762549
4_c4.large_pagerank_hadoop_huge_1,2.7687753684691994
4_c4.large_pagerank_spark_bigdata_1,3.276318796315662
4_c4.large_pagerank_spark_huge_1,1.0584028203685967
4_c4.large_regression_spark1.5_bigdata_1,8.40153792252204
4_c4.large_regression_spark1.5_huge_1,6.508553972544324
4_c4.large_terasort_hadoop_bigdata_1,5.809827838749945
4_c4.large_terasort_hadoop_huge_1,1.7178408480182863
4_c4.large_wordcount_hadoop_bigdata_1,4.654889933307245
4_c4.large_wordcount_hadoop_huge_1,2.2464910112809364
4_c4.xlarge_join_spark_bigdata_1,2.0526545999981174
4_c4.xlarge_join_spark_huge_1,1.132553815962025
4_c4.xlarge_kmeans_spark1.5_bigdata_1,16.820722476637993
4_c4.xlarge_kmeans_spark1.5_huge_1,8.986243791387277
4_c4.xlarge_lr_spark_bigdata_1,8.318773197147769
4_c4.xlarge_lr_spark_huge_1,3.8198424823724313
4_c4.xlarge_naive-bayes_spark1.5_bigdata_1,7.1557135440470665
4_c4.xlarge_naive-bayes_spark1.5_huge_1,3.6737694033301924
4_c4.xlarge_pagerank_hadoop_bigdata_1,5.529665082931319
4_c4.xlarge_pagerank_hadoop_huge_1,3.047507888366438
4_c4.xlarge_pagerank_spark_bigdata_1,2.230936994347747
4_c4.xlarge_pagerank_spark_huge_1,1.39496095197049
4_c4.xlarge_regression_spark1.5_bigdata_1,17.24671528536773
4_c4.xlarge_regression_spark1.5_huge_1,6.849250007781595
4_c4.xlarge_terasort_hadoop_bigdata_1,8.853379299907076
4_c4.xlarge_terasort_hadoop_huge_1,1.9872886379790167
4_c4.xlarge_wordcount_hadoop_bigdata_1,4.012895856372034
4_c4.xlarge_wordcount_hadoop_huge_1,2.025693451783348
4_m4.2xlarge_join_spark_bigdata_1,1.8996484923039956
4_m4.2xlarge_join_spark_huge_1,1.1466387878066036
4_m4.2xlarge_kmeans_spark1.5_bigdata_1,9.903168358054787
4_m4.2xlarge_kmeans_spark1.5_huge_1,4.790586028076086
4_m4.2xlarge_lr_spark_bigdata_1,4.520108549589683
4_m4.2xlarge_lr_spark_huge_1,2.2598535597496068
4_m4.2xlarge_naive-bayes_spark1.5_bigdata_1,6.5317772539959345
4_m4.2xlarge_naive-bayes_spark1.5_huge_1,3.3730572066424096
4_m4.2xlarge_pagerank_hadoop_bigdata_1,5.520317505270393
4_m4.2xlarge_pagerank_hadoop_huge_1,3.3030250302125306
4_m4.2xlarge_pagerank_spark_bigdata_1,3.1277726447245255
4_m4.2xlarge_pagerank_spark_huge_1,1.1369265560923612
4_m4.2xlarge_regression_spark1.5_bigdata_1,27.229954308626514
4_m4.2xlarge_regression_spark1.5_huge_1,6.798585262012236
4_m4.2xlarge_terasort_hadoop_bigdata_1,2.798044252058008
4_m4.2xlarge_terasort_hadoop_huge_1,1.9537573658576401
4_m4.2xlarge_wordcount_hadoop_bigdata_1,3.634137516058551
4_m4.2xlarge_wordcount_hadoop_huge_1,1.9764587982324555
4_m4.large_join_spark_bigdata_1,1.7813652850604174
4_m4.large_join_spark_huge_1,0.9555319483285493
4_m4.large_kmeans_spark1.5_bigdata_1,6.753098246740806
4_m4.large_kmeans_spark1.5_huge_1,5.467420505708691
4_m4.large_lr_spark_bigdata_1,3.7274708851442564
4_m4.large_lr_spark_huge_1,2.651413832858518
4_m4.large_naive-bayes_spark1.5_bigdata_1,6.33557098297052
4_m4.large_naive-bayes_spark1.5_huge_1,3.1716233395053672
4_m4.large_pagerank_hadoop_bigdata_1,4.597655809252859
4_m4.large_pagerank_hadoop_huge_1,2.4768457528907066
4_m4.large_pagerank_spark_bigdata_1,5.59292170195816
4_m4.large_pagerank_spark_huge_1,1.2421657262038304
4_m4.large_regression_spark1.5_bigdata_1,6.598897035197521
4_m4.large_regression_spark1.5_huge_1,6.1919647951674
4_m4.large_terasort_hadoop_bigdata_1,4.7169585250364365
4_m4.large_terasort_hadoop_huge_1,1.5376703494089148
4_m4.large_wordcount_hadoop_bigdata_1,3.3099703004650047
4_m4.large_wordcount_hadoop_huge_1,2.1758153537255573
4_m4.xlarge_join_spark_bigdata_1,1.820186475244682
4_m4.xlarge_join_spark_huge_1,1.022039580800502
4_m4.xlarge_kmeans_spark1.5_bigdata_1,9.367758001485708
4_m4.xlarge_kmeans_spark1.5_huge_1,4.7733820025049845
4_m4.xlarge_lr_spark_bigdata_1,5.590901199801591
4_m4.xlarge_lr_spark_huge_1,1.3278199572651543
4_m4.xlarge_naive-bayes_spark1.5_bigdata_1,6.262303117622331
4_m4.xlarge_naive-bayes_spark1.5_huge_1,3.139543873027302
4_m4.xlarge_pagerank_hadoop_bigdata_1,5.0093495573270115
4_m4.xlarge_pagerank_hadoop_huge_1,2.707948016581373
4_m4.xlarge_pagerank_spark_bigdata_1,8.040442536334531
4_m4.xlarge_pagerank_spark_huge_1,1.2252887366967367
4_m4.xlarge_regression_spark1.5_bigdata_1,13.683994167730887
4_m4.xlarge_regression_spark1.5_huge_1,6.012003700563491
4_m4.xlarge_terasort_hadoop_bigdata_1,7.452632445915833
4_m4.xlarge_terasort_hadoop_huge_1,1.6040386234430872
4_m4.xlarge_wordcount_hadoop_bigdata_1,3.4515547182391173
4_m4.xlarge_wordcount_hadoop_huge_1,1.7747304656839036
4_r4.2xlarge_join_spark_bigdata_1,2.491980822316691
4_r4.2xlarge_join_spark_huge_1,1.514002530462096
4_r4.2xlarge_kmeans_spark1.5_bigdata_1,12.307371277643355
4_r4.2xlarge_kmeans_spark1.5_huge_1,1.8210091562505784
4_r4.2xlarge_lr_spark_bigdata_1,5.4464270997617295
4_r4.2xlarge_lr_spark_huge_1,2.7944565783390027
4_r4.2xlarge_naive-bayes_spark1.5_bigdata_1,8.589762018187523
4_r4.2xlarge_naive-bayes_spark1.5_huge_1,4.271805557164031
4_r4.2xlarge_pagerank_hadoop_bigdata_1,7.180462563016294
4_r4.2xlarge_pagerank_hadoop_huge_1,4.3154572900775285
4_r4.2xlarge_pagerank_spark_bigdata_1,2.7344589523759537
4_r4.2xlarge_pagerank_spark_huge_1,1.2328298196828318
4_r4.2xlarge_regression_spark1.5_bigdata_1,33.52683704824166
4_r4.2xlarge_regression_spark1.5_huge_1,0.5447980020601029
4_r4.2xlarge_terasort_hadoop_bigdata_1,3.0138695306292154
4_r4.2xlarge_terasort_hadoop_huge_1,3.0642806348526777
4_r4.2xlarge_wordcount_hadoop_bigdata_1,4.759521643114994
4_r4.2xlarge_wordcount_hadoop_huge_1,2.520793569824647
4_r4.large_join_spark_bigdata_1,2.383801991024794
4_r4.large_join_spark_huge_1,1.2435811380759256
4_r4.large_kmeans_spark1.5_bigdata_1,8.755040173637786
4_r4.large_kmeans_spark1.5_huge_1,5.951687620676559
4_r4.large_lr_spark_bigdata_1,4.978046762866978
4_r4.large_lr_spark_huge_1,1.8729704203712707
4_r4.large_naive-bayes_spark1.5_bigdata_1,8.47466633831531
4_r4.large_naive-bayes_spark1.5_huge_1,4.244652079604893
4_r4.large_pagerank_hadoop_bigdata_1,5.997370755018829
4_r4.large_pagerank_hadoop_huge_1,3.2106521539399586
4_r4.large_pagerank_spark_bigdata_1,2.7270504296387386
4_r4.large_pagerank_spark_huge_1,1.0847417441531837
4_r4.large_regression_spark1.5_bigdata_1,8.515856336096382
4_r4.large_regression_spark1.5_huge_1,8.278972576557141
4_r4.large_terasort_hadoop_bigdata_1,6.141571449844525
4_r4.large_terasort_hadoop_huge_1,1.9768505480307441
4_r4.large_wordcount_hadoop_bigdata_1,5.027615387205573
4_r4.large_wordcount_hadoop_huge_1,2.4183753269697053
4_r4.xlarge_join_spark_bigdata_1,2.472433633105514
4_r4.xlarge_join_spark_huge_1,1.3155198365080762
4_r4.xlarge_kmeans_spark1.5_bigdata_1,11.82797298029804
4_r4.xlarge_kmeans_spark1.5_huge_1,6.105019099119613
4_r4.xlarge_lr_spark_bigdata_1,3.3029693898173464
4_r4.xlarge_lr_spark_huge_1,1.52561935333773
4_r4.xlarge_naive-bayes_spark1.5_bigdata_1,8.288364341739214
4_r4.xlarge_naive-bayes_spark1.5_huge_1,4.1600059203667925
4_r4.xlarge_pagerank_hadoop_bigdata_1,6.519832925307089
4_r4.xlarge_pagerank_hadoop_huge_1,3.5520069395144436
4_r4.xlarge_pagerank_spark_bigdata_1,2.712654883143791
4_r4.xlarge_pagerank_spark_huge_1,1.1946335032110256
4_r4.xlarge_regression_spark1.5_bigdata_1,17.37800026542094
4_r4.xlarge_regression_spark1.5_huge_1,8.21303743019361
4_r4.xlarge_terasort_hadoop_bigdata_1,3.520420976487988
4_r4.xlarge_terasort_hadoop_huge_1,2.0572732648380114
4_r4.xlarge_wordcount_hadoop_bigdata_1,4.561030973777125
4_r4.xlarge_wordcount_hadoop_huge_1,2.4667973147162288
6_c4.2xlarge_join_spark_bigdata_1,1.5723214260878213
6_c4.2xlarge_join_spark_huge_1,1.1703757976807236
6_c4.2xlarge_kmeans_spark1.5_bigdata_1,12.543204708320415
6_c4.2xlarge_kmeans_spark1.5_huge_1,5.9943053498086325
6_c4.2xlarge_lr_spark_bigdata_1,8.756767086108495
6_c4.2xlarge_lr_spark_huge_1,3.6538420496623862
6_c4.2xlarge_naive-bayes_spark1.5_bigdata_1,5.051327717254247
6_c4.2xlarge_naive-bayes_spark1.5_huge_1,2.5335380903905467
6_c4.2xlarge_pagerank_hadoop_bigdata_1,4.630503907553582
6_c4.2xlarge_pagerank_hadoop_huge_1,2.8968736493880685
6_c4.2xlarge_pagerank_spark_bigdata_1,2.399577507535037
6_c4.2xlarge_pagerank_spark_huge_1,1.3757388196513538
6_c4.2xlarge_regression_spark1.5_bigdata_1,26.735555748372004
6_c4.2xlarge_regression_spark1.5_huge_1,5.939716062967097
6_c4.2xlarge_terasort_hadoop_bigdata_1,2.382849074410157
6_c4.2xlarge_terasort_hadoop_huge_1,1.7454507441057996
6_c4.2xlarge_wordcount_hadoop_bigdata_1,2.854781374055028
6_c4.2xlarge_wordcount_hadoop_huge_1,1.492181284429421
6_c4.large_join_spark_bigdata_1,1.2890644760238206
6_c4.large_join_spark_huge_1,0.7383000668616917
6_c4.large_kmeans_spark1.5_bigdata_1,8.821070212642354
6_c4.large_kmeans_spark1.5_huge_1,6.087991233966046
6_c4.large_lr_spark_bigdata_1,4.54091969374465
6_c4.large_lr_spark_huge_1,2.361640014582859
6_c4.large_naive-bayes_spark1.5_bigdata_1,4.831896158342323
6_c4.large_naive-bayes_spark1.5_huge_1,2.4016368745341277
6_c4.large_pagerank_hadoop_bigdata_1,3.6025070233519845
6_c4.large_pagerank_hadoop_huge_1,1.9735057329074013
6_c4.large_pagerank_spark_bigdata_1,1.3672724156991345
6_c4.large_pagerank_spark_huge_1,0.8199991747831454
6_c4.large_regression_spark1.5_bigdata_1,8.617511723191749
6_c4.large_regression_spark1.5_huge_1,4.373181320555505
6_c4.large_terasort_hadoop_bigdata_1,2.262747816944807
6_c4.large_terasort_hadoop_huge_1,1.347917928467307
6_c4.large_wordcount_hadoop_bigdata_1,3.0039934613499204
6_c4.large_wordcount_hadoop_huge_1,1.5954299046220581
6_c4.xlarge_join_spark_bigdata_1,1.3694649301117519
6_c4.xlarge_join_spark_huge_1,0.8055156533553276
6_c4.xlarge_kmeans_spark1.5_bigdata_1,11.624119691374627
6_c4.xlarge_kmeans_spark1.5_huge_1,5.754986282427857
6_c4.xlarge_lr_spark_bigdata_1,6.1423941796047705
6_c4.xlarge_lr_spark_huge_1,2.23310460734479
6_c4.xlarge_naive-bayes_spark1.5_bigdata_1,5.03315552022811
6_c4.xlarge_naive-bayes_spark1.5_huge_1,2.416691496115912
6_c4.xlarge_pagerank_hadoop_bigdata_1,3.9617564983177527
6_c4.xlarge_pagerank_hadoop_huge_1,2.213346036085176
6_c4.xlarge_pagerank_spark_bigdata_1,1.867197167998646
6_c4.xlarge_pagerank_spark_huge_1,1.431791100417137
6_c4.xlarge_regression_spark1.5_bigdata_1,17.971907136378775
6_c4.xlarge_regression_spark1.5_huge_1,4.5259940484809125
6_c4.xlarge_terasort_hadoop_bigdata_1,2.195988218622779
6_c4.xlarge_terasort_hadoop_huge_1,1.302053451765543
6_c4.xlarge_wordcount_hadoop_bigdata_1,2.7638450076501067
6_c4.xlarge_wordcount_hadoop_huge_1,1.3733278014583332
6_m4.2xlarge_join_spark_bigdata_1,1.4007346884559908
6_m4.2xlarge_join_spark_huge_1,0.9148416294070886
6_m4.2xlarge_kmeans_spark1.5_bigdata_1,6.515093580958813
6_m4.2xlarge_kmeans_spark1.5_huge_1,3.251291696033302
6_m4.2xlarge_lr_spark_bigdata_1,4.135715268896654
6_m4.2xlarge_lr_spark_huge_1,2.499243253021808
6_m4.2xlarge_naive-bayes_spark1.5_bigdata_1,4.341931582675564
6_m4.2xlarge_naive-bayes_spark1.5_huge_1,2.2147604087700707
6_m4.2xlarge_pagerank_hadoop_bigdata_1,4.095154704964198
6_m4.2xlarge_pagerank_hadoop_huge_1,2.6244269846613495
6_m4.2xlarge_pagerank_spark_bigdata_1,1.9076237482580511
6_m4.2xlarge_pagerank_spark_huge_1,0.7903740463745389
6_m4.2xlarge_regression_spark1.5_bigdata_1,17.858782044317454
6_m4.2xlarge_regression_spark1.5_huge_1,4.493945126910265
6_m4.2xlarge_terasort_hadoop_bigdata_1,2.026864511982558
6_m4.2xlarge_terasort_hadoop_huge_1,1.262981999030567
6_m4.2xlarge_wordcount_hadoop_bigdata_1,2.463918601738354
6_m4.2xlarge_wordcount_hadoop_huge_1,1.330385417680555
6_m4.large_join_spark_bigdata_1,1.2032732292834982
6_m4.large_join_spark_huge_1,0.655978237678074
6_m4.large_kmeans_spark1.5_bigdata_1,6.946447322246402
6_m4.large_kmeans_spark1.5_huge_1,3.313297043077581
6_m4.large_lr_spark_bigdata_1,3.6532353315465005
6_m4.large_lr_spark_huge_1,0.002102092476410167
6_m4.large_naive-bayes_spark1.5_bigdata_1,4.11405766399046
6_m4.large_naive-bayes_spark1.5_huge_1,2.132898368665375
6_m4.large_pagerank_hadoop_bigdata_1,3.31943494326446
6_m4.large_pagerank_hadoop_huge_1,1.7820931709205161
6_m4.large_pagerank_spark_bigdata_1,2.1791441955679614
6_m4.large_pagerank_spark_huge_1,0.8114532565183105
6_m4.large_regression_spark1.5_bigdata_1,6.755884291042566
6_m4.large_regression_spark1.5_huge_1,4.119323477915981
6_m4.large_terasort_hadoop_bigdata_1,1.9511056229382773
6_m4.large_terasort_hadoop_huge_1,1.1643933005437055
6_m4.large_wordcount_hadoop_bigdata_1,2.521579104714976
6_m4.large_wordcount_hadoop_huge_1,1.3974087854749613
6_m4.xlarge_join_spark_bigdata_1,1.18954445663074
6_m4.xlarge_join_spark_huge_1,0.723129988475261
6_m4.xlarge_kmeans_spark1.5_bigdata_1,11.439571208723873
6_m4.xlarge_kmeans_spark1.5_huge_1,3.0811755959042864
6_m4.xlarge_lr_spark_bigdata_1,2.691962574827661
6_m4.xlarge_lr_spark_huge_1,1.1372117661866963
6_m4.xlarge_naive-bayes_spark1.5_bigdata_1,4.202479127356389
6_m4.xlarge_naive-bayes_spark1.5_huge_1,2.1217163390925093
6_m4.xlarge_pagerank_hadoop_bigdata_1,3.5300538260955503
6_m4.xlarge_pagerank_hadoop_huge_1,1.9768921630727612
6_m4.xlarge_pagerank_spark_bigdata_1,1.812123349078671
6_m4.xlarge_pagerank_spark_huge_1,0.6758227133739361
6_m4.xlarge_regression_spark1.5_bigdata_1,13.770898493909453
6_m4.xlarge_regression_spark1.5_huge_1,4.178936701085586
6_m4.xlarge_terasort_hadoop_bigdata_1,1.8290803019301136
6_m4.xlarge_terasort_hadoop_huge_1,1.1680575478190853
6_m4.xlarge_wordcount_hadoop_bigdata_1,2.462326118285782
6_m4.xlarge_wordcount_hadoop_huge_1,1.2811434227093803
6_r4.2xlarge_join_spark_bigdata_1,1.714961076206476
6_r4.2xlarge_join_spark_huge_1,1.2560224690241444
6_r4.2xlarge_kmeans_spark1.5_bigdata_1,8.276942221628058
6_r4.2xlarge_kmeans_spark1.5_huge_1,1.0920631082349495
6_r4.2xlarge_lr_spark_bigdata_1,5.273453218706552
6_r4.2xlarge_lr_spark_huge_1,3.0138432300224065
6_r4.2xlarge_naive-bayes_spark1.5_bigdata_1,5.704785149306355
6_r4.2xlarge_naive-bayes_spark1.5_huge_1,2.9298243846041485
6_r4.2xlarge_pagerank_hadoop_bigdata_1,5.3190285280210565
6_r4.2xlarge_pagerank_hadoop_huge_1,3.34081777343594
6_r4.2xlarge_pagerank_spark_bigdata_1,1.7033006681474465
6_r4.2xlarge_pagerank_spark_huge_1,0.8582426479521641
6_r4.2xlarge_regression_spark1.5_bigdata_1,21.87117245791264
6_r4.2xlarge_regression_spark1.5_huge_1,1.24093978848041
6_r4.2xlarge_terasort_hadoop_bigdata_1,3.0185781176193602
6_r4.2xlarge_terasort_hadoop_huge_1,1.5016023616308902
6_r4.2xlarge_wordcount_hadoop_bigdata_1,3.192596084481868
6_r4.2xlarge_wordcount_hadoop_huge_1,1.7860718992643885
6_r4.large_join_spark_bigdata_1,1.6163848710600597
6_r4.large_join_spark_huge_1,0.8723480189333125
6_r4.large_kmeans_spark1.5_bigdata_1,8.818474783531695
6_r4.large_kmeans_spark1.5_huge_1,5.548870707155381
6_r4.large_lr_spark_bigdata_1,2.904621238873238
6_r4.large_lr_spark_huge_1,1.1187949433001678
6_r4.large_naive-bayes_spark1.5_bigdata_1,5.606133697379465
6_r4.large_naive-bayes_spark1.5_huge_1,2.859650371442019
6_r4.large_pagerank_hadoop_bigdata_1,4.285247446125115
6_r4.large_pagerank_hadoop_huge_1,2.3292772735586063
6_r4.large_pagerank_spark_bigdata_1,1.8259489362925765
6_r4.large_pagerank_spark_huge_1,0.7795189702859959
6_r4.large_regression_spark1.5_bigdata_1,8.633975171725409
6_r4.large_regression_spark1.5_huge_1,5.4596827143401345
6_r4.large_terasort_hadoop_bigdata_1,2.4452222058177857
6_r4.large_terasort_hadoop_huge_1,1.478712121845933
6_r4.large_wordcount_hadoop_bigdata_1,3.490330876999665
6_r4.large_wordcount_hadoop_huge_1,1.7737327752981558
6_r4.xlarge_join_spark_bigdata_1,1.6446211781007576
6_r4.xlarge_join_spark_huge_1,0.9562770286177159
6_r4.xlarge_kmeans_spark1.5_bigdata_1,7.817038016239506
6_r4.xlarge_kmeans_spark1.5_huge_1,4.080236230928249
6_r4.xlarge_lr_spark_bigdata_1,2.9202521514282824
6_r4.xlarge_lr_spark_huge_1,1.3589691087270805
6_r4.xlarge_naive-bayes_spark1.5_bigdata_1,5.551296773115745
6_r4.xlarge_naive-bayes_spark1.5_huge_1,2.7875503195438895
6_r4.xlarge_pagerank_hadoop_bigdata_1,4.553536924529644
6_r4.xlarge_pagerank_hadoop_huge_1,2.5899394549203247
6_r4.xlarge_pagerank_spark_bigdata_1,1.6588576484335738
6_r4.xlarge_pagerank_spark_huge_1,0.8177539487682385
6_r4.xlarge_regression_spark1.5_bigdata_1,17.739767103556243
6_r4.xlarge_regression_spark1.5_huge_1,5.643983294905812
6_r4.xlarge_terasort_hadoop_bigdata_1,2.499048989294149
6_r4.xlarge_terasort_hadoop_huge_1,1.4510445274679036
6_r4.xlarge_wordcount_hadoop_bigdata_1,3.1965741949823285
6_r4.xlarge_wordcount_hadoop_huge_1,1.6445226297854973
8_c4.2xlarge_join_spark_bigdata_1,1.123247839553124
8_c4.2xlarge_join_spark_huge_1,0.9802451051299609
8_c4.2xlarge_kmeans_spark1.5_bigdata_1,11.576168599445802
8_c4.2xlarge_kmeans_spark1.5_huge_1,4.5390470046998646
8_c4.2xlarge_lr_spark_bigdata_1,8.195405270909397
8_c4.2xlarge_lr_spark_huge_1,3.3161280420017465
8_c4.2xlarge_naive-bayes_spark1.5_bigdata_1,3.8492698444176225
8_c4.2xlarge_naive-bayes_spark1.5_huge_1,1.9278714611968935
8_c4.2xlarge_pagerank_hadoop_bigdata_1,4.107197560049775
8_c4.2xlarge_pagerank_hadoop_huge_1,2.4599501527072842
8_c4.2xlarge_pagerank_spark_bigdata_1,2.1482773409165263
8_c4.2xlarge_pagerank_spark_huge_1,0.962685831999829
8_c4.2xlarge_regression_spark1.5_bigdata_1,17.74588702825576
8_c4.2xlarge_regression_spark1.5_huge_1,4.599169161726183
8_c4.2xlarge_terasort_hadoop_bigdata_1,1.7477187633016504
8_c4.2xlarge_terasort_hadoop_huge_1,1.804518215664691
8_c4.2xlarge_wordcount_hadoop_bigdata_1,2.238656439164967
8_c4.2xlarge_wordcount_hadoop_huge_1,1.221402289971736
8_c4.large_join_spark_bigdata_1,1.00907455539239
8_c4.large_join_spark_huge_1,0.5977311964801783
8_c4.large_kmeans_spark1.5_bigdata_1,8.510667241878927
8_c4.large_kmeans_spark1.5_huge_1,4.2872973858283325
8_c4.large_lr_spark_bigdata_1,3.457766240618633
8_c4.large_lr_spark_huge_1,1.6763449906682089
8_c4.large_naive-bayes_spark1.5_bigdata_1,3.588991270333357
8_c4.large_naive-bayes_spark1.5_huge_1,1.8176403022350545
8_c4.large_pagerank_hadoop_bigdata_1,2.9220395354072477
8_c4.large_pagerank_hadoop_huge_1,1.557700850488562
8_c4.large_pagerank_spark_bigdata_1,0.9893831324454437
8_c4.large_pagerank_spark_huge_1,0.10962114652239686
8_c4.large_regression_spark1.5_bigdata_1,8.379111592220477
8_c4.large_regression_spark1.5_huge_1,3.208463558100879
8_c4.large_terasort_hadoop_bigdata_1,1.4531060700575886
8_c4.large_terasort_hadoop_huge_1,1.1898984220650426
8_c4.large_wordcount_hadoop_bigdata_1,2.2640836215320554
8_c4.large_wordcount_hadoop_huge_1,1.1151239884950366
8_c4.xlarge_join_spark_bigdata_1,1.0634371162454506
8_c4.xlarge_join_spark_huge_1,0.6923752983088515
8_c4.xlarge_kmeans_spark1.5_bigdata_1,8.7745990262686
8_c4.xlarge_kmeans_spark1.5_huge_1,4.321082429599682
8_c4.xlarge_lr_spark_bigdata_1,4.216389708353296
8_c4.xlarge_lr_spark_huge_1,2.137062631159221
8_c4.xlarge_naive-bayes_spark1.5_bigdata_1,3.635236225610665
8_c4.xlarge_naive-bayes_spark1.5_huge_1,1.823103031310617
8_c4.xlarge_pagerank_hadoop_bigdata_1,3.030191171113775
8_c4.xlarge_pagerank_hadoop_huge_1,1.8668742874839284
8_c4.xlarge_pagerank_spark_bigdata_1,1.3952281453682938
8_c4.xlarge_pagerank_spark_huge_1,1.0651793489940329
8_c4.xlarge_regression_spark1.5_bigdata_1,14.13891418607743
8_c4.xlarge_regression_spark1.5_huge_1,3.425405631529725
8_c4.xlarge_terasort_hadoop_bigdata_1,1.768377814862365
8_c4.xlarge_terasort_hadoop_huge_1,0.9827247540873292
8_c4.xlarge_wordcount_hadoop_bigdata_1,2.160690141704673
8_c4.xlarge_wordcount_hadoop_huge_1,1.1179816683870092
8_m4.2xlarge_join_spark_bigdata_1,1.1251372028782103
8_m4.2xlarge_join_spark_huge_1,0.896905163506076
8_m4.2xlarge_kmeans_spark1.5_bigdata_1,4.842446011518316
8_m4.2xlarge_kmeans_spark1.5_huge_1,0.6581261041970357
8_m4.2xlarge_lr_spark_bigdata_1,2.7795778423894895
8_m4.2xlarge_lr_spark_huge_1,2.59941508996481
8_m4.2xlarge_naive-bayes_spark1.5_bigdata_1,3.2483449370730995
8_m4.2xlarge_naive-bayes_spark1.5_huge_1,1.708743903224795
8_m4.2xlarge_pagerank_hadoop_bigdata_1,3.487583685605458
8_m4.2xlarge_pagerank_hadoop_huge_1,2.2061915435871318
8_m4.2xlarge_pagerank_spark_bigdata_1,1.1827670097986267
8_m4.2xlarge_pagerank_spark_huge_1,0.6535985778474411
8_m4.2xlarge_regression_spark1.5_bigdata_1,16.174661505932917
8_m4.2xlarge_regression_spark1.5_huge_1,4.11688564474559
8_m4.2xlarge_terasort_hadoop_bigdata_1,1.6515569053570476
8_m4.2xlarge_terasort_hadoop_huge_1,1.558386973275001
8_m4.2xlarge_wordcount_hadoop_bigdata_1,1.9761687002704276
8_m4.2xlarge_wordcount_hadoop_huge_1,1.0440449367242373
8_m4.large_join_spark_bigdata_1,0.8985638061627803
8_m4.large_join_spark_huge_1,0.5533622059184963
8_m4.large_kmeans_spark1.5_bigdata_1,5.153807756453478
8_m4.large_kmeans_spark1.5_huge_1,2.382916742062698
8_m4.large_lr_spark_bigdata_1,2.815439207084989
8_m4.large_lr_spark_huge_1,0.7110494354479963
8_m4.large_naive-bayes_spark1.5_bigdata_1,3.20152130313937
8_m4.large_naive-bayes_spark1.5_huge_1,1.6185689657296596
8_m4.large_pagerank_hadoop_bigdata_1,2.573703550499471
8_m4.large_pagerank_hadoop_huge_1,1.4079224422929952
8_m4.large_pagerank_spark_bigdata_1,3.5058069801368763
8_m4.large_pagerank_spark_huge_1,0.5868214853097988
8_m4.large_regression_spark1.5_bigdata_1,6.788111622369713
8_m4.large_regression_spark1.5_huge_1,3.082229042657184
8_m4.large_terasort_hadoop_bigdata_1,1.4072707983913417
8_m4.large_terasort_hadoop_huge_1,0.8811383678212391
8_m4.large_wordcount_hadoop_bigdata_1,1.844121455471677
8_m4.large_wordcount_hadoop_huge_1,1.067681229922108
8_m4.xlarge_join_spark_bigdata_1,0.9125044415005916
8_m4.xlarge_join_spark_huge_1,0.6423832142571202
8_m4.xlarge_kmeans_spark1.5_bigdata_1,4.811673563223567
8_m4.xlarge_kmeans_spark1.5_huge_1,2.42795584289496
8_m4.xlarge_lr_spark_bigdata_1,2.347744103217153
8_m4.xlarge_lr_spark_huge_1,1.1546221017446852
8_m4.xlarge_naive-bayes_spark1.5_bigdata_1,3.1764320010589544
8_m4.xlarge_naive-bayes_spark1.5_huge_1,1.6255086039589663
8_m4.xlarge_pagerank_hadoop_bigdata_1,2.7421482894608897
8_m4.xlarge_pagerank_hadoop_huge_1,1.6871103812513053
8_m4.xlarge_pagerank_spark_bigdata_1,1.3593868939766653
8_m4.xlarge_pagerank_spark_huge_1,0.5558518608124908
8_m4.xlarge_regression_spark1.5_bigdata_1,12.136766297248789
8_m4.xlarge_regression_spark1.5_huge_1,3.1569870936559363
8_m4.xlarge_terasort_hadoop_bigdata_1,1.469574139238338
8_m4.xlarge_terasort_hadoop_huge_1,0.9995676442865283
8_m4.xlarge_wordcount_hadoop_bigdata_1,2.0130168574349847
8_m4.xlarge_wordcount_hadoop_huge_1,0.9403125687652399
8_r4.2xlarge_join_spark_bigdata_1,1.3690104441525466
8_r4.2xlarge_join_spark_huge_1,1.177732932874962
8_r4.2xlarge_kmeans_spark1.5_bigdata_1,1.4851928529183072
8_r4.2xlarge_kmeans_spark1.5_huge_1,0.8287453345990524
8_r4.2xlarge_lr_spark_bigdata_1,5.387711912662857
8_r4.2xlarge_lr_spark_huge_1,3.2637342469565978
8_r4.2xlarge_naive-bayes_spark1.5_bigdata_1,4.330420475053158
8_r4.2xlarge_naive-bayes_spark1.5_huge_1,1.1332662881358058
8_r4.2xlarge_pagerank_hadoop_bigdata_1,4.5623231236959665
8_r4.2xlarge_pagerank_hadoop_huge_1,2.8713596047007104
8_r4.2xlarge_pagerank_spark_bigdata_1,1.321752385260635
8_r4.2xlarge_pagerank_spark_huge_1,0.7226838339402433
8_r4.2xlarge_regression_spark1.5_bigdata_1,16.836043265033382
8_r4.2xlarge_regression_spark1.5_huge_1,1.0647119877038247
8_r4.2xlarge_terasort_hadoop_bigdata_1,2.4658981382586616
8_r4.2xlarge_terasort_hadoop_huge_1,1.385045789033118
8_r4.2xlarge_wordcount_hadoop_bigdata_1,2.3832183033126406
8_r4.2xlarge_wordcount_hadoop_huge_1,1.421936160168568
8_r4.large_join_spark_bigdata_1,1.238897286041105
8_r4.large_join_spark_huge_1,0.7048451867998616
8_r4.large_kmeans_spark1.5_bigdata_1,6.059452400790259
8_r4.large_kmeans_spark1.5_huge_1,3.067960207013334
8_r4.large_lr_spark_bigdata_1,1.9279804050176557
8_r4.large_lr_spark_huge_1,0.8218013447359991
8_r4.large_naive-bayes_spark1.5_bigdata_1,4.2766270357908445
8_r4.large_naive-bayes_spark1.5_huge_1,2.120842127589249
8_r4.large_pagerank_hadoop_bigdata_1,3.364468911106351
8_r4.large_pagerank_hadoop_huge_1,1.8343959350624592
8_r4.large_pagerank_spark_bigdata_1,1.4206414642001608
8_r4.large_pagerank_spark_huge_1,0.6095024360366271
8_r4.large_regression_spark1.5_bigdata_1,8.809771913356487
8_r4.large_regression_spark1.5_huge_1,4.3719751579184365
8_r4.large_terasort_hadoop_bigdata_1,2.0207132644690398
8_r4.large_terasort_hadoop_huge_1,1.1098910737784031
8_r4.large_wordcount_hadoop_bigdata_1,2.7241517828257313
8_r4.large_wordcount_hadoop_huge_1,1.3972979532267409
8_r4.xlarge_join_spark_bigdata_1,1.2775787926525597
8_r4.xlarge_join_spark_huge_1,0.7805764846685002
8_r4.xlarge_kmeans_spark1.5_bigdata_1,5.985138898960644
8_r4.xlarge_kmeans_spark1.5_huge_1,0.758793364814107
8_r4.xlarge_lr_spark_bigdata_1,2.634823178259792
8_r4.xlarge_lr_spark_huge_1,1.3635602760533225
8_r4.xlarge_naive-bayes_spark1.5_bigdata_1,4.170277912669895
8_r4.xlarge_naive-bayes_spark1.5_huge_1,2.1327590883164502
8_r4.xlarge_pagerank_hadoop_bigdata_1,3.574447167107284
8_r4.xlarge_pagerank_hadoop_huge_1,2.2130427617713377
8_r4.xlarge_pagerank_spark_bigdata_1,1.3042002531401549
8_r4.xlarge_pagerank_spark_huge_1,0.6245541785121813
8_r4.xlarge_regression_spark1.5_bigdata_1,15.849776271787842
8_r4.xlarge_regression_spark1.5_huge_1,0.24856276044428594
8_r4.xlarge_terasort_hadoop_bigdata_1,1.9363641180477997
8_r4.xlarge_terasort_hadoop_huge_1,1.2088869246447922
8_r4.xlarge_wordcount_hadoop_bigdata_1,2.3212790919852786
8_r4.xlarge_wordcount_hadoop_huge_1,1.2177447458612374
