cluster_type,power
10_c4.2xlarge_join_spark_bigdata_1,3.862504346545607
10_c4.2xlarge_join_spark_huge_1,3.9583566570799555
10_c4.2xlarge_kmeans_spark1.5_bigdata_1,36.113700538129926
10_c4.2xlarge_kmeans_spark1.5_huge_1,15.90884359510703
10_c4.2xlarge_lr_spark_bigdata_1,31.660842033183066
10_c4.2xlarge_lr_spark_huge_1,16.37491469655103
10_c4.2xlarge_naive-bayes_spark1.5_bigdata_1,11.842835354451678
10_c4.2xlarge_naive-bayes_spark1.5_huge_1,5.969667368149943
10_c4.2xlarge_pagerank_hadoop_bigdata_1,12.30666938939267
10_c4.2xlarge_pagerank_hadoop_huge_1,9.123944251884112
10_c4.2xlarge_pagerank_spark_bigdata_1,7.267513584445905
10_c4.2xlarge_pagerank_spark_huge_1,2.9147785035022977
10_c4.2xlarge_regression_spark1.5_bigdata_1,51.992381230050164
10_c4.2xlarge_regression_spark1.5_huge_1,12.600723085164637
10_c4.2xlarge_terasort_hadoop_bigdata_1,5.959305936321048
10_c4.2xlarge_terasort_hadoop_huge_1,5.502980387962126
10_c4.2xlarge_wordcount_hadoop_bigdata_1,6.733110588197585
10_c4.2xlarge_wordcount_hadoop_huge_1,4.1238574206252485
10_c4.large_join_spark_bigdata_1,3.259924064007875
10_c4.large_join_spark_huge_1,1.8473872727694356
10_c4.large_kmeans_spark1.5_bigdata_1,27.750631159939537
10_c4.large_kmeans_spark1.5_huge_1,13.241875466476722
10_c4.large_lr_spark_bigdata_1,11.618157766486961
10_c4.large_lr_spark_huge_1,5.820206132376552
10_c4.large_naive-bayes_spark1.5_bigdata_1,11.022303627484813
10_c4.large_naive-bayes_spark1.5_huge_1,5.584643137967362
10_c4.large_pagerank_hadoop_bigdata_1,9.219665968287243
10_c4.large_pagerank_hadoop_huge_1,5.123016630068884
10_c4.large_pagerank_spark_bigdata_1,3.3308238635135328
10_c4.large_pagerank_spark_huge_1,3.335201843503119
10_c4.large_regression_spark1.5_bigdata_1,33.2930223306467
10_c4.large_regression_spark1.5_huge_1,10.080114403921986
10_c4.large_terasort_hadoop_bigdata_1,5.618747274594621
10_c4.large_terasort_hadoop_huge_1,3.263144571091364
10_c4.large_wordcount_hadoop_bigdata_1,7.565000633055676
10_c4.large_wordcount_hadoop_huge_1,3.1643731715280974
10_c4.xlarge_join_spark_bigdata_1,3.3404194065668884
10_c4.xlarge_join_spark_huge_1,2.2192980183517688
10_c4.xlarge_kmeans_spark1.5_bigdata_1,27.183452992215393
10_c4.xlarge_kmeans_spark1.5_huge_1,13.507535278349183
10_c4.xlarge_lr_spark_bigdata_1,18.836084486053885
10_c4.xlarge_lr_spark_huge_1,8.7959164806897
10_c4.xlarge_naive-bayes_spark1.5_bigdata_1,11.44296649812638
10_c4.xlarge_naive-bayes_spark1.5_huge_1,5.697156008415156
10_c4.xlarge_pagerank_hadoop_bigdata_1,10.410442251245257
10_c4.xlarge_pagerank_hadoop_huge_1,6.183547434716368
10_c4.xlarge_pagerank_spark_bigdata_1,7.757487510601842
10_c4.xlarge_pagerank_spark_huge_1,2.986695355699158
10_c4.xlarge_regression_spark1.5_bigdata_1,44.51748725931678
10_c4.xlarge_regression_spark1.5_huge_1,10.924173003683867
10_c4.xlarge_terasort_hadoop_bigdata_1,5.592598212290886
10_c4.xlarge_terasort_hadoop_huge_1,3.230855598163545
10_c4.xlarge_wordcount_hadoop_bigdata_1,6.670315496939346
10_c4.xlarge_wordcount_hadoop_huge_1,3.448175935539974
10_m4.2xlarge_join_spark_bigdata_1,4.058634800334062
10_m4.2xlarge_join_spark_huge_1,3.3319246427019116
10_m4.2xlarge_kmeans_spark1.5_bigdata_1,15.00605175634881
10_m4.2xlarge_kmeans_spark1.5_huge_1,2.296742693826453
10_m4.2xlarge_lr_spark_bigdata_1,9.885783244371064
10_m4.2xlarge_lr_spark_huge_1,13.301539784380383
10_m4.2xlarge_naive-bayes_spark1.5_bigdata_1,10.171380414767242
10_m4.2xlarge_naive-bayes_spark1.5_huge_1,5.3936856778298825
10_m4.2xlarge_pagerank_hadoop_bigdata_1,10.974985083502844
10_m4.2xlarge_pagerank_hadoop_huge_1,8.104104377181825
10_m4.2xlarge_pagerank_spark_bigdata_1,3.7681506758934935
10_m4.2xlarge_pagerank_spark_huge_1,2.1728687785373513
10_m4.2xlarge_regression_spark1.5_bigdata_1,50.17724117693611
10_m4.2xlarge_regression_spark1.5_huge_1,2.252404591112395
10_m4.2xlarge_terasort_hadoop_bigdata_1,5.530057520823332
10_m4.2xlarge_terasort_hadoop_huge_1,3.8567060386174132
10_m4.2xlarge_wordcount_hadoop_bigdata_1,6.2119809635139625
10_m4.2xlarge_wordcount_hadoop_huge_1,3.924428228022873
10_m4.large_join_spark_bigdata_1,2.7248115259829353
10_m4.large_join_spark_huge_1,1.76893302578507
10_m4.large_kmeans_spark1.5_bigdata_1,26.509257039014454
10_m4.large_kmeans_spark1.5_huge_1,8.192404382163183
10_m4.large_lr_spark_bigdata_1,7.437716965489769
10_m4.large_lr_spark_huge_1,2.8100296514273255
10_m4.large_naive-bayes_spark1.5_bigdata_1,9.692739320481838
10_m4.large_naive-bayes_spark1.5_huge_1,4.8993054446799675
10_m4.large_pagerank_hadoop_bigdata_1,8.426364807748383
10_m4.large_pagerank_hadoop_huge_1,4.559409910773429
10_m4.large_pagerank_spark_bigdata_1,3.946558255866347
10_m4.large_pagerank_spark_huge_1,1.5535279507754032
10_m4.large_regression_spark1.5_bigdata_1,26.662184858207198
10_m4.large_regression_spark1.5_huge_1,9.54677659037033
10_m4.large_terasort_hadoop_bigdata_1,4.519727642738814
10_m4.large_terasort_hadoop_huge_1,2.833723180799509
10_m4.large_wordcount_hadoop_bigdata_1,6.237674218130811
10_m4.large_wordcount_hadoop_huge_1,3.066120046299128
10_m4.xlarge_join_spark_bigdata_1,2.9676011759084644
10_m4.xlarge_join_spark_huge_1,2.020846871398096
10_m4.xlarge_kmeans_spark1.5_bigdata_1,14.173060591758162
10_m4.xlarge_kmeans_spark1.5_huge_1,7.348267596057074
10_m4.xlarge_lr_spark_bigdata_1,8.279896509787536
10_m4.xlarge_lr_spark_huge_1,5.259178325435464
10_m4.xlarge_naive-bayes_spark1.5_bigdata_1,9.834668615264633
10_m4.xlarge_naive-bayes_spark1.5_huge_1,5.040036229053353
10_m4.xlarge_pagerank_hadoop_bigdata_1,8.868182671350137
10_m4.xlarge_pagerank_hadoop_huge_1,5.594886979620213
10_m4.xlarge_pagerank_spark_bigdata_1,3.426487318751775
10_m4.xlarge_pagerank_spark_huge_1,1.6634929245779568
10_m4.xlarge_regression_spark1.5_bigdata_1,36.96515249106151
10_m4.xlarge_regression_spark1.5_huge_1,9.879012636139025
10_m4.xlarge_terasort_hadoop_bigdata_1,4.864214363283248
10_m4.xlarge_terasort_hadoop_huge_1,2.680967288832171
10_m4.xlarge_wordcount_hadoop_bigdata_1,5.940306453249496
10_m4.xlarge_wordcount_hadoop_huge_1,3.1905868605826138
10_r4.2xlarge_join_spark_bigdata_1,4.8024599050361125
10_r4.2xlarge_join_spark_huge_1,3.667160118391345
10_r4.2xlarge_kmeans_spark1.5_bigdata_1,5.161444431664283
10_r4.2xlarge_kmeans_spark1.5_huge_1,2.762290652412606
10_r4.2xlarge_lr_spark_bigdata_1,22.85184290424045
10_r4.2xlarge_lr_spark_huge_1,17.03383691014544
10_r4.2xlarge_naive-bayes_spark1.5_bigdata_1,13.487795515216295
10_r4.2xlarge_naive-bayes_spark1.5_huge_1,3.581659019110394
10_r4.2xlarge_pagerank_hadoop_bigdata_1,14.091314044317619
10_r4.2xlarge_pagerank_hadoop_huge_1,10.32679318717127
10_r4.2xlarge_pagerank_spark_bigdata_1,4.061049202058273
10_r4.2xlarge_pagerank_spark_huge_1,2.5307773708567023
10_r4.2xlarge_regression_spark1.5_bigdata_1,59.511317296366215
10_r4.2xlarge_regression_spark1.5_huge_1,2.3734433491092335
10_r4.2xlarge_terasort_hadoop_bigdata_1,10.128205890644715
10_r4.2xlarge_terasort_hadoop_huge_1,3.755266235253495
10_r4.2xlarge_wordcount_hadoop_bigdata_1,8.29839200109405
10_r4.2xlarge_wordcount_hadoop_huge_1,4.431603301048999
10_r4.large_join_spark_bigdata_1,3.719058152533501
10_r4.large_join_spark_huge_1,2.2057042578696278
10_r4.large_kmeans_spark1.5_bigdata_1,34.04148572317754
10_r4.large_kmeans_spark1.5_huge_1,10.268704933752531
10_r4.large_lr_spark_bigdata_1,6.063472304981167
10_r4.large_lr_spark_huge_1,3.060709369528689
10_r4.large_naive-bayes_spark1.5_bigdata_1,12.90276142948208
10_r4.large_naive-bayes_spark1.5_huge_1,6.621033061760997
10_r4.large_pagerank_hadoop_bigdata_1,10.750913045396851
10_r4.large_pagerank_hadoop_huge_1,6.012718349922283
10_r4.large_pagerank_spark_bigdata_1,3.8008515060287604
10_r4.large_pagerank_spark_huge_1,1.885857495249877
10_r4.large_regression_spark1.5_bigdata_1,34.10061613091333
10_r4.large_regression_spark1.5_huge_1,13.13197068605537
10_r4.large_terasort_hadoop_bigdata_1,6.588565005041207
10_r4.large_terasort_hadoop_huge_1,3.239712375625593
10_r4.large_wordcount_hadoop_bigdata_1,0.06572720191911097
10_r4.large_wordcount_hadoop_huge_1,3.832663616518559
10_r4.xlarge_join_spark_bigdata_1,3.868242931210421
10_r4.xlarge_join_spark_huge_1,2.5832072640725805
10_r4.xlarge_kmeans_spark1.5_bigdata_1,18.959631940756417
10_r4.xlarge_kmeans_spark1.5_huge_1,2.3968290153925267
10_r4.xlarge_lr_spark_bigdata_1,10.091390769512987
10_r4.xlarge_lr_spark_huge_1,6.269093184019181
10_r4.xlarge_naive-bayes_spark1.5_bigdata_1,13.064582033995073
10_r4.xlarge_naive-bayes_spark1.5_huge_1,6.642242360784536
10_r4.xlarge_pagerank_hadoop_bigdata_1,11.870904699716258
10_r4.xlarge_pagerank_hadoop_huge_1,7.217050818511258
10_r4.xlarge_pagerank_spark_bigdata_1,3.916250972840053
10_r4.xlarge_pagerank_spark_huge_1,2.0805877432282056
10_r4.xlarge_regression_spark1.5_bigdata_1,49.8844176496246
10_r4.xlarge_regression_spark1.5_huge_1,2.4338525230152306
10_r4.xlarge_terasort_hadoop_bigdata_1,6.392776261420675
10_r4.xlarge_terasort_hadoop_huge_1,3.176445190091717
10_r4.xlarge_wordcount_hadoop_bigdata_1,7.417899078451013
10_r4.xlarge_wordcount_hadoop_huge_1,4.0089714537590755
12_c4.2xlarge_join_spark_bigdata_1,3.8714424322477554
12_c4.2xlarge_join_spark_huge_1,3.2209739826812833
12_c4.2xlarge_kmeans_spark1.5_bigdata_1,23.018290722555193
12_c4.2xlarge_kmeans_spark1.5_huge_1,12.143867122608267
12_c4.2xlarge_lr_spark_bigdata_1,20.03582319302623
12_c4.2xlarge_lr_spark_huge_1,12.566989401380605
12_c4.2xlarge_naive-bayes_spark1.5_bigdata_1,9.989834596099737
12_c4.2xlarge_naive-bayes_spark1.5_huge_1,5.041299635099054
12_c4.2xlarge_pagerank_hadoop_bigdata_1,11.354330244058522
12_c4.2xlarge_pagerank_hadoop_huge_1,8.503844155419273
12_c4.2xlarge_pagerank_spark_bigdata_1,5.45689761842733
12_c4.2xlarge_pagerank_spark_huge_1,2.6359114825377374
12_c4.2xlarge_regression_spark1.5_bigdata_1,42.80518241068347
12_c4.2xlarge_regression_spark1.5_huge_1,11.126207174560529
12_c4.2xlarge_terasort_hadoop_bigdata_1,6.724375945092045
12_c4.2xlarge_terasort_hadoop_huge_1,4.471387834885852
12_c4.2xlarge_wordcount_hadoop_bigdata_1,6.067168731427462
12_c4.2xlarge_wordcount_hadoop_huge_1,3.436907089729104
12_c4.large_join_spark_bigdata_1,2.5966272293890404
12_c4.large_join_spark_huge_1,1.7591661263370122
12_c4.large_kmeans_spark1.5_bigdata_1,21.981842226906814
12_c4.large_kmeans_spark1.5_huge_1,11.27399205965264
12_c4.large_lr_spark_bigdata_1,11.234768452570206
12_c4.large_lr_spark_huge_1,4.861635681769621
12_c4.large_naive-bayes_spark1.5_bigdata_1,9.291413050924625
12_c4.large_naive-bayes_spark1.5_huge_1,4.751410985750622
12_c4.large_pagerank_hadoop_bigdata_1,7.74113707019544
12_c4.large_pagerank_hadoop_huge_1,4.468830167180345
12_c4.large_pagerank_spark_bigdata_1,3.2400958166939855
12_c4.large_pagerank_spark_huge_1,2.676643237560485
12_c4.large_regression_spark1.5_bigdata_1,34.39595785825394
12_c4.large_regression_spark1.5_huge_1,8.550269935821065
12_c4.large_terasort_hadoop_bigdata_1,4.9831905433313155
12_c4.large_terasort_hadoop_huge_1,2.891420382675929
12_c4.large_wordcount_hadoop_bigdata_1,5.91188935902295
12_c4.large_wordcount_hadoop_huge_1,2.981908108501973
12_c4.xlarge_join_spark_bigdata_1,2.9892552056360056
12_c4.xlarge_join_spark_huge_1,2.064369686157313
12_c4.xlarge_kmeans_spark1.5_bigdata_1,22.72807739330876
12_c4.xlarge_kmeans_spark1.5_huge_1,11.28502574764867
12_c4.xlarge_lr_spark_bigdata_1,16.781130296125706
12_c4.xlarge_lr_spark_huge_1,7.1338750668624815
12_c4.xlarge_naive-bayes_spark1.5_bigdata_1,9.40682585364441
12_c4.xlarge_naive-bayes_spark1.5_huge_1,4.74720253466013
12_c4.xlarge_pagerank_hadoop_bigdata_1,8.886554060583933
12_c4.xlarge_pagerank_hadoop_huge_1,5.636451896466112
12_c4.xlarge_pagerank_spark_bigdata_1,4.137384183521949
12_c4.xlarge_pagerank_spark_huge_1,2.517566288206831
12_c4.xlarge_regression_spark1.5_bigdata_1,38.73360836594083
12_c4.xlarge_regression_spark1.5_huge_1,9.243296084961866
12_c4.xlarge_terasort_hadoop_bigdata_1,4.121586315840065
12_c4.xlarge_terasort_hadoop_huge_1,2.634321850880466
12_c4.xlarge_wordcount_hadoop_bigdata_1,5.859311184176421
12_c4.xlarge_wordcount_hadoop_huge_1,2.9677296381228486
12_m4.2xlarge_join_spark_bigdata_1,3.627392634645309
12_m4.2xlarge_join_spark_huge_1,2.98481290133028
12_m4.2xlarge_kmeans_spark1.5_bigdata_1,12.926907031562635
12_m4.2xlarge_kmeans_spark1.5_huge_1,1.9021462098584927
12_m4.2xlarge_lr_spark_bigdata_1,14.909997064896569
12_m4.2xlarge_lr_spark_huge_1,10.473496562155209
12_m4.2xlarge_naive-bayes_spark1.5_bigdata_1,8.606094412894574
12_m4.2xlarge_naive-bayes_spark1.5_huge_1,4.569459713819399
12_m4.2xlarge_pagerank_hadoop_bigdata_1,9.806586436140313
12_m4.2xlarge_pagerank_hadoop_huge_1,7.807106728736413
12_m4.2xlarge_pagerank_spark_bigdata_1,3.3523211374074164
12_m4.2xlarge_pagerank_spark_huge_1,2.2100314697274137
12_m4.2xlarge_regression_spark1.5_bigdata_1,35.14416150487938
12_m4.2xlarge_regression_spark1.5_huge_1,2.1972910953238904
12_m4.2xlarge_terasort_hadoop_bigdata_1,5.626035912753256
12_m4.2xlarge_terasort_hadoop_huge_1,2.7549069210950226
12_m4.2xlarge_wordcount_hadoop_bigdata_1,5.318729080062813
12_m4.2xlarge_wordcount_hadoop_huge_1,2.845749621670252
12_m4.large_join_spark_bigdata_1,2.3700143612469553
12_m4.large_join_spark_huge_1,1.4817749008959429
12_m4.large_kmeans_spark1.5_bigdata_1,13.17721827488031
12_m4.large_kmeans_spark1.5_huge_1,5.924066447330483
12_m4.large_lr_spark_bigdata_1,5.353215460862243
12_m4.large_lr_spark_huge_1,2.410885414206084
12_m4.large_naive-bayes_spark1.5_bigdata_1,8.072556822630824
12_m4.large_naive-bayes_spark1.5_huge_1,4.126503266627681
12_m4.large_pagerank_hadoop_bigdata_1,6.879795549471295
12_m4.large_pagerank_hadoop_huge_1,3.914110320808958
12_m4.large_pagerank_spark_bigdata_1,3.369264239080969
12_m4.large_pagerank_spark_huge_1,1.336959377732092
12_m4.large_regression_spark1.5_bigdata_1,26.639906697687195
12_m4.large_regression_spark1.5_huge_1,8.10643302065858
12_m4.large_terasort_hadoop_bigdata_1,4.334433055709162
12_m4.large_terasort_hadoop_huge_1,2.222381282002079
12_m4.large_wordcount_hadoop_bigdata_1,4.86299972546488
12_m4.large_wordcount_hadoop_huge_1,2.619670770154955
12_m4.xlarge_join_spark_bigdata_1,2.7860733541868754
12_m4.xlarge_join_spark_huge_1,0.1097549833553627
12_m4.xlarge_kmeans_spark1.5_bigdata_1,11.994102272879374
12_m4.xlarge_kmeans_spark1.5_huge_1,6.103021022094815
12_m4.xlarge_lr_spark_bigdata_1,8.335296934753025
12_m4.xlarge_lr_spark_huge_1,5.302948132457438
12_m4.xlarge_naive-bayes_spark1.5_bigdata_1,8.285075957663688
12_m4.xlarge_naive-bayes_spark1.5_huge_1,4.235638996807144
12_m4.xlarge_pagerank_hadoop_bigdata_1,7.9052297904388595
12_m4.xlarge_pagerank_hadoop_huge_1,5.073792961255973
12_m4.xlarge_pagerank_spark_bigdata_1,3.225467396184317
12_m4.xlarge_pagerank_spark_huge_1,1.5021500413407256
12_m4.xlarge_regression_spark1.5_bigdata_1,32.42224429669602
12_m4.xlarge_regression_spark1.5_huge_1,8.189562454187072
12_m4.xlarge_terasort_hadoop_bigdata_1,4.166986378482132
12_m4.xlarge_terasort_hadoop_huge_1,2.1078335888226545
12_m4.xlarge_wordcount_hadoop_bigdata_1,5.1565679625742185
12_m4.xlarge_wordcount_hadoop_huge_1,2.6376402104605385
12_r4.2xlarge_join_spark_bigdata_1,4.5612845536628495
12_r4.2xlarge_join_spark_huge_1,3.6640334681618882
12_r4.2xlarge_kmeans_spark1.5_bigdata_1,4.0875764672692005
12_r4.2xlarge_kmeans_spark1.5_huge_1,2.506128340051957
12_r4.2xlarge_lr_spark_bigdata_1,19.21002014373656
12_r4.2xlarge_lr_spark_huge_1,12.300653761924673
12_r4.2xlarge_naive-bayes_spark1.5_bigdata_1,11.324080995745733
12_r4.2xlarge_naive-bayes_spark1.5_huge_1,3.0420849766519855
12_r4.2xlarge_pagerank_hadoop_bigdata_1,13.685550536592114
12_r4.2xlarge_pagerank_hadoop_huge_1,9.654817219689875
12_r4.2xlarge_pagerank_spark_bigdata_1,3.591047753286201
12_r4.2xlarge_pagerank_spark_huge_1,2.4951287380041443
12_r4.2xlarge_regression_spark1.5_bigdata_1,52.21213362132529
12_r4.2xlarge_regression_spark1.5_huge_1,2.201214520088315
12_r4.2xlarge_terasort_hadoop_bigdata_1,5.912288927204088
12_r4.2xlarge_terasort_hadoop_huge_1,3.2773204268366616
12_r4.2xlarge_wordcount_hadoop_bigdata_1,6.84599917660418
12_r4.2xlarge_wordcount_hadoop_huge_1,3.9453996997425196
12_r4.large_join_spark_bigdata_1,3.3085352522236464
12_r4.large_join_spark_huge_1,1.9890925487198858
12_r4.large_kmeans_spark1.5_bigdata_1,15.721869703035479
12_r4.large_kmeans_spark1.5_huge_1,8.029304589392318
12_r4.large_lr_spark_bigdata_1,5.908693327421466
12_r4.large_lr_spark_huge_1,2.753145052258302
12_r4.large_naive-bayes_spark1.5_bigdata_1,10.782330243787477
12_r4.large_naive-bayes_spark1.5_huge_1,5.513862648688298
12_r4.large_pagerank_hadoop_bigdata_1,9.071691047353253
12_r4.large_pagerank_hadoop_huge_1,5.129421940770609
12_r4.large_pagerank_spark_bigdata_1,3.380863999109001
12_r4.large_pagerank_spark_huge_1,1.6190866772037666
12_r4.large_regression_spark1.5_bigdata_1,34.96797350848609
12_r4.large_regression_spark1.5_huge_1,10.977212713787246
12_r4.large_terasort_hadoop_bigdata_1,5.938589163680427
12_r4.large_terasort_hadoop_huge_1,2.7250797728819083
12_r4.large_wordcount_hadoop_bigdata_1,6.7394054395752665
12_r4.large_wordcount_hadoop_huge_1,3.3849455031583124
12_r4.xlarge_join_spark_bigdata_1,3.561580102091178
12_r4.xlarge_join_spark_huge_1,2.3952715706970578
12_r4.xlarge_kmeans_spark1.5_bigdata_1,15.953621776642391
12_r4.xlarge_kmeans_spark1.5_huge_1,2.068283926595636
12_r4.xlarge_lr_spark_bigdata_1,10.334705262799487
12_r4.xlarge_lr_spark_huge_1,6.869501051994596
12_r4.xlarge_naive-bayes_spark1.5_bigdata_1,10.853342828666332
12_r4.xlarge_naive-bayes_spark1.5_huge_1,5.574414792899167
12_r4.xlarge_pagerank_hadoop_bigdata_1,10.353716322505386
12_r4.xlarge_pagerank_hadoop_huge_1,6.566096230472555
12_r4.xlarge_pagerank_spark_bigdata_1,3.4345272379671923
12_r4.xlarge_pagerank_spark_huge_1,1.8285693047005673
12_r4.xlarge_regression_spark1.5_bigdata_1,41.7287051079254
12_r4.xlarge_regression_spark1.5_huge_1,2.2641725874205
12_r4.xlarge_terasort_hadoop_bigdata_1,5.7518534847419165
12_r4.xlarge_terasort_hadoop_huge_1,2.813097633707381
12_r4.xlarge_wordcount_hadoop_bigdata_1,6.739759749877356
12_r4.xlarge_wordcount_hadoop_huge_1,3.383635901911273
16_c4.large_join_spark_bigdata_1,2.3310255965457083
16_c4.large_join_spark_huge_1,1.3861199849648593
16_c4.large_kmeans_spark1.5_bigdata_1,16.42724972808423
16_c4.large_kmeans_spark1.5_huge_1,8.356111469462707
16_c4.large_lr_spark_bigdata_1,9.942180844519173
16_c4.large_lr_spark_huge_1,4.403718175342029
16_c4.large_naive-bayes_spark1.5_bigdata_1,7.020237388570471
16_c4.large_naive-bayes_spark1.5_huge_1,3.5534968703403775
16_c4.large_pagerank_hadoop_bigdata_1,6.155226694388399
16_c4.large_pagerank_hadoop_huge_1,3.719734707170635
16_c4.large_pagerank_spark_bigdata_1,2.4597747383409083
16_c4.large_pagerank_spark_huge_1,1.9818047240524075
16_c4.large_regression_spark1.5_bigdata_1,26.923589760033362
16_c4.large_regression_spark1.5_huge_1,6.5977659522889125
16_c4.large_terasort_hadoop_bigdata_1,3.7553079243197547
16_c4.large_terasort_hadoop_huge_1,1.9737024221179758
16_c4.large_wordcount_hadoop_bigdata_1,4.317810808471298
16_c4.large_wordcount_hadoop_huge_1,2.2060839235495022
16_c4.xlarge_join_spark_bigdata_1,2.364913709027071
16_c4.xlarge_join_spark_huge_1,1.920777283326261
16_c4.xlarge_kmeans_spark1.5_bigdata_1,16.52742694902657
16_c4.xlarge_kmeans_spark1.5_huge_1,8.93654826421599
16_c4.xlarge_lr_spark_bigdata_1,15.518327670063144
16_c4.xlarge_lr_spark_huge_1,6.6763570360495805
16_c4.xlarge_naive-bayes_spark1.5_bigdata_1,7.0601413128156425
16_c4.xlarge_naive-bayes_spark1.5_huge_1,3.641654132772504
16_c4.xlarge_pagerank_hadoop_bigdata_1,7.715085311534416
16_c4.xlarge_pagerank_hadoop_huge_1,4.58412597780335
16_c4.xlarge_pagerank_spark_bigdata_1,3.25322943377637
16_c4.xlarge_pagerank_spark_huge_1,1.8241056158128357
16_c4.xlarge_regression_spark1.5_bigdata_1,26.991900526092344
16_c4.xlarge_regression_spark1.5_huge_1,6.758582484694891
16_c4.xlarge_terasort_hadoop_bigdata_1,4.53340936878158
16_c4.xlarge_terasort_hadoop_huge_1,2.0220961569494618
16_c4.xlarge_wordcount_hadoop_bigdata_1,4.515497617211249
16_c4.xlarge_wordcount_hadoop_huge_1,2.4746700503698325
16_m4.large_join_spark_bigdata_1,1.7941213310095019
16_m4.large_join_spark_huge_1,1.2907924226444185
16_m4.large_kmeans_spark1.5_bigdata_1,9.147051772505867
16_m4.large_kmeans_spark1.5_huge_1,4.593608447961906
16_m4.large_lr_spark_bigdata_1,4.80109457519382
16_m4.large_lr_spark_huge_1,2.3983360300510688
16_m4.large_naive-bayes_spark1.5_bigdata_1,6.111975185334587
16_m4.large_naive-bayes_spark1.5_huge_1,3.132045269149058
16_m4.large_pagerank_hadoop_bigdata_1,5.503309232425977
16_m4.large_pagerank_hadoop_huge_1,3.245388258057996
16_m4.large_pagerank_spark_bigdata_1,2.4872777099313446
16_m4.large_pagerank_spark_huge_1,1.0356600531698525
16_m4.large_regression_spark1.5_bigdata_1,23.497345140557652
16_m4.large_regression_spark1.5_huge_1,6.0237864523455285
16_m4.large_terasort_hadoop_bigdata_1,3.274943740553802
16_m4.large_terasort_hadoop_huge_1,1.6274530731582142
16_m4.large_wordcount_hadoop_bigdata_1,3.6249794198661283
16_m4.large_wordcount_hadoop_huge_1,1.9079538683218078
16_m4.xlarge_join_spark_bigdata_1,2.379888458852888
16_m4.xlarge_join_spark_huge_1,1.664171881694358
16_m4.xlarge_kmeans_spark1.5_bigdata_1,9.255213471309824
16_m4.xlarge_kmeans_spark1.5_huge_1,1.3176477744796475
16_m4.xlarge_lr_spark_bigdata_1,8.637284474971981
16_m4.xlarge_lr_spark_huge_1,5.400167733401
16_m4.xlarge_naive-bayes_spark1.5_bigdata_1,6.371365399005529
16_m4.xlarge_naive-bayes_spark1.5_huge_1,3.2377425130883997
16_m4.xlarge_pagerank_hadoop_bigdata_1,6.973386619626232
16_m4.xlarge_pagerank_hadoop_huge_1,4.2721001354570936
16_m4.xlarge_pagerank_spark_bigdata_1,2.3522975109088735
16_m4.xlarge_pagerank_spark_huge_1,1.300255990870926
16_m4.xlarge_regression_spark1.5_bigdata_1,24.641882957902673
16_m4.xlarge_regression_spark1.5_huge_1,6.7355487918482995
16_m4.xlarge_terasort_hadoop_bigdata_1,3.878033210471245
16_m4.xlarge_terasort_hadoop_huge_1,1.9372321787103075
16_m4.xlarge_wordcount_hadoop_bigdata_1,3.8399935421333975
16_m4.xlarge_wordcount_hadoop_huge_1,2.143081342115495
16_r4.large_join_spark_bigdata_1,2.5467503118659156
16_r4.large_join_spark_huge_1,1.5893266850858963
16_r4.large_kmeans_spark1.5_bigdata_1,11.735713101551559
16_r4.large_kmeans_spark1.5_huge_1,1.4563447678577002
16_r4.large_lr_spark_bigdata_1,5.33203551539394
16_r4.large_lr_spark_huge_1,2.789297765842372
16_r4.large_naive-bayes_spark1.5_bigdata_1,8.072083616843738
16_r4.large_naive-bayes_spark1.5_huge_1,4.170878112160236
16_r4.large_pagerank_hadoop_bigdata_1,7.121586499914379
16_r4.large_pagerank_hadoop_huge_1,4.306093452320214
16_r4.large_pagerank_spark_bigdata_1,2.4851383061928125
16_r4.large_pagerank_spark_huge_1,1.2611652004977165
16_r4.large_regression_spark1.5_bigdata_1,32.02789538229515
16_r4.large_regression_spark1.5_huge_1,0.5181633790632479
16_r4.large_terasort_hadoop_bigdata_1,4.2881553208140195
16_r4.large_terasort_hadoop_huge_1,2.2057226059944353
16_r4.large_wordcount_hadoop_bigdata_1,5.128603847851418
16_r4.large_wordcount_hadoop_huge_1,2.780081992815609
16_r4.xlarge_join_spark_bigdata_1,2.8498279255431895
16_r4.xlarge_join_spark_huge_1,2.1821922733819528
16_r4.xlarge_kmeans_spark1.5_bigdata_1,3.291824761996368
16_r4.xlarge_kmeans_spark1.5_huge_1,1.6519059463262356
16_r4.xlarge_lr_spark_bigdata_1,10.865137031617007
16_r4.xlarge_lr_spark_huge_1,7.142895086199873
16_r4.xlarge_naive-bayes_spark1.5_bigdata_1,8.181209150255556
16_r4.xlarge_naive-bayes_spark1.5_huge_1,2.1726291002126406
16_r4.xlarge_pagerank_hadoop_bigdata_1,8.570381104795576
16_r4.xlarge_pagerank_hadoop_huge_1,5.622197621848021
16_r4.xlarge_pagerank_spark_bigdata_1,2.4896918996392223
16_r4.xlarge_pagerank_spark_huge_1,1.5961698542287757
16_r4.xlarge_regression_spark1.5_bigdata_1,31.916757470046914
16_r4.xlarge_regression_spark1.5_huge_1,1.9709561019768187
16_r4.xlarge_terasort_hadoop_bigdata_1,4.54514835189884
16_r4.xlarge_terasort_hadoop_huge_1,2.1514524962768746
16_r4.xlarge_wordcount_hadoop_bigdata_1,5.266827975946586
16_r4.xlarge_wordcount_hadoop_huge_1,2.719006353157406
20_c4.xlarge_join_spark_bigdata_1,2.2898628448794596
20_c4.xlarge_join_spark_huge_1,1.8097029668936406
20_c4.xlarge_kmeans_spark1.5_bigdata_1,14.842205788431357
20_c4.xlarge_kmeans_spark1.5_huge_1,6.9861930280246645
20_c4.xlarge_lr_spark_bigdata_1,15.713696711730176
20_c4.xlarge_lr_spark_huge_1,8.618719686651428
20_c4.xlarge_naive-bayes_spark1.5_bigdata_1,5.774243281517856
20_c4.xlarge_naive-bayes_spark1.5_huge_1,2.9775998802038717
20_c4.xlarge_pagerank_hadoop_bigdata_1,6.271865578194138
20_c4.xlarge_pagerank_hadoop_huge_1,4.53566710970831
20_c4.xlarge_pagerank_spark_bigdata_1,3.4196918966396903
20_c4.xlarge_pagerank_spark_huge_1,1.5128969831728263
20_c4.xlarge_regression_spark1.5_bigdata_1,25.34149096615458
20_c4.xlarge_regression_spark1.5_huge_1,6.197361639762279
20_c4.xlarge_terasort_hadoop_bigdata_1,3.930667680090313
20_c4.xlarge_terasort_hadoop_huge_1,2.1466148460734256
20_c4.xlarge_wordcount_hadoop_bigdata_1,0.05571787932107192
20_c4.xlarge_wordcount_hadoop_huge_1,2.2259356103292687
20_m4.xlarge_join_spark_bigdata_1,1.8312505572112097
20_m4.xlarge_join_spark_huge_1,1.6874905752863878
20_m4.xlarge_kmeans_spark1.5_bigdata_1,7.30045541360471
20_m4.xlarge_kmeans_spark1.5_huge_1,1.0780663885118598
20_m4.xlarge_lr_spark_bigdata_1,9.510523664976791
20_m4.xlarge_lr_spark_huge_1,6.714377905070743
20_m4.xlarge_naive-bayes_spark1.5_bigdata_1,5.030517403512265
20_m4.xlarge_naive-bayes_spark1.5_huge_1,2.696788457617048
20_m4.xlarge_pagerank_hadoop_bigdata_1,5.698815567589035
20_m4.xlarge_pagerank_hadoop_huge_1,3.907983094283665
20_m4.xlarge_pagerank_spark_bigdata_1,1.9418721086412973
20_m4.xlarge_pagerank_spark_huge_1,1.1708814117030142
20_m4.xlarge_regression_spark1.5_bigdata_1,19.421120270933304
20_m4.xlarge_regression_spark1.5_huge_1,1.1293834977062096
20_m4.xlarge_terasort_hadoop_bigdata_1,2.9719810898756647
20_m4.xlarge_terasort_hadoop_huge_1,1.5753040033319243
20_m4.xlarge_wordcount_hadoop_bigdata_1,3.2987532853779196
20_m4.xlarge_wordcount_hadoop_huge_1,1.9376134982742423
20_r4.xlarge_join_spark_bigdata_1,2.546076377996788
20_r4.xlarge_join_spark_huge_1,2.04655856965792
20_r4.xlarge_kmeans_spark1.5_bigdata_1,2.626315918439933
20_r4.xlarge_kmeans_spark1.5_huge_1,1.5222807957634459
20_r4.xlarge_lr_spark_bigdata_1,12.124442101185705
20_r4.xlarge_lr_spark_huge_1,8.900517725180569
20_r4.xlarge_naive-bayes_spark1.5_bigdata_1,6.6364051502146735
20_r4.xlarge_naive-bayes_spark1.5_huge_1,1.785576613756301
20_r4.xlarge_pagerank_hadoop_bigdata_1,7.602139734501069
20_r4.xlarge_pagerank_hadoop_huge_1,4.969507760586707
20_r4.xlarge_pagerank_spark_bigdata_1,2.21655248614385
20_r4.xlarge_pagerank_spark_huge_1,1.4481409969822356
20_r4.xlarge_regression_spark1.5_bigdata_1,24.876803900876478
20_r4.xlarge_regression_spark1.5_huge_1,1.2963093885449755
20_r4.xlarge_terasort_hadoop_bigdata_1,3.752807121860204
20_r4.xlarge_terasort_hadoop_huge_1,1.8664492854863477
20_r4.xlarge_wordcount_hadoop_bigdata_1,4.059405848650433
20_r4.xlarge_wordcount_hadoop_huge_1,2.407427028017733
24_c4.large_join_spark_bigdata_1,1.4434881286532069
24_c4.large_join_spark_huge_1,1.191315396825816
24_c4.large_kmeans_spark1.5_bigdata_1,11.237209516034467
24_c4.large_kmeans_spark1.5_huge_1,6.9382515809867105
24_c4.large_lr_spark_bigdata_1,9.108120429204744
24_c4.large_lr_spark_huge_1,3.8174815586502118
24_c4.large_naive-bayes_spark1.5_bigdata_1,4.770325043531474
24_c4.large_naive-bayes_spark1.5_huge_1,2.494141950279446
24_c4.large_pagerank_hadoop_bigdata_1,4.597746462128289
24_c4.large_pagerank_hadoop_huge_1,2.9622054052725257
24_c4.large_pagerank_spark_bigdata_1,1.960181542298895
24_c4.large_pagerank_spark_huge_1,1.2977124276520045
24_c4.large_regression_spark1.5_bigdata_1,17.773790700650363
24_c4.large_regression_spark1.5_huge_1,4.472067747023633
24_c4.large_terasort_hadoop_bigdata_1,2.6046156744361166
24_c4.large_terasort_hadoop_huge_1,1.4255675989624486
24_c4.large_wordcount_hadoop_bigdata_1,3.0838653257062023
24_c4.large_wordcount_hadoop_huge_1,1.634460589481654
24_c4.xlarge_join_spark_bigdata_1,2.0743924685918707
24_c4.xlarge_join_spark_huge_1,1.7771291507467217
24_c4.xlarge_kmeans_spark1.5_bigdata_1,11.25533557483294
24_c4.xlarge_kmeans_spark1.5_huge_1,5.984377321511803
24_c4.xlarge_lr_spark_bigdata_1,10.611958954224038
24_c4.xlarge_lr_spark_huge_1,6.975200275063632
24_c4.xlarge_naive-bayes_spark1.5_bigdata_1,4.969293932942097
24_c4.xlarge_naive-bayes_spark1.5_huge_1,2.602517216792178
24_c4.xlarge_pagerank_hadoop_bigdata_1,5.809773032507414
24_c4.xlarge_pagerank_hadoop_huge_1,4.272421320695938
24_c4.xlarge_pagerank_spark_bigdata_1,2.8007142834400005
24_c4.xlarge_pagerank_spark_huge_1,1.3816694029398495
24_c4.xlarge_regression_spark1.5_bigdata_1,20.904267127243738
24_c4.xlarge_regression_spark1.5_huge_1,5.1646676722239295
24_c4.xlarge_terasort_hadoop_bigdata_1,2.621903953078397
24_c4.xlarge_terasort_hadoop_huge_1,1.5957047653402676
24_c4.xlarge_wordcount_hadoop_bigdata_1,3.30199134770964
24_c4.xlarge_wordcount_hadoop_huge_1,1.8490781351099115
24_m4.large_join_spark_bigdata_1,1.3765816645048194
24_m4.large_join_spark_huge_1,0.9508428418074324
24_m4.large_kmeans_spark1.5_bigdata_1,6.109168293159517
24_m4.large_kmeans_spark1.5_huge_1,3.2242259098378425
24_m4.large_lr_spark_bigdata_1,4.648409953605171
24_m4.large_lr_spark_huge_1,2.6826852536553356
24_m4.large_naive-bayes_spark1.5_bigdata_1,4.113860962393549
24_m4.large_naive-bayes_spark1.5_huge_1,2.1894213374129934
24_m4.large_pagerank_hadoop_bigdata_1,4.097046887344971
24_m4.large_pagerank_hadoop_huge_1,2.5887315326750904
24_m4.large_pagerank_spark_bigdata_1,1.6379503306105452
24_m4.large_pagerank_spark_huge_1,0.8021856832104376
24_m4.large_regression_spark1.5_bigdata_1,16.00543125938934
24_m4.large_regression_spark1.5_huge_1,4.245186601449025
24_m4.large_terasort_hadoop_bigdata_1,2.3275166880361016
24_m4.large_terasort_hadoop_huge_1,1.1799545455266254
24_m4.large_wordcount_hadoop_bigdata_1,2.548555670093638
24_m4.large_wordcount_hadoop_huge_1,1.4066906977073217
24_m4.xlarge_join_spark_bigdata_1,1.772855665533915
24_m4.xlarge_join_spark_huge_1,1.6731965273523166
24_m4.xlarge_kmeans_spark1.5_bigdata_1,6.287402952244421
24_m4.xlarge_kmeans_spark1.5_huge_1,0.976588419075356
24_m4.xlarge_lr_spark_bigdata_1,7.84756066798556
24_m4.xlarge_lr_spark_huge_1,5.31662279177295
24_m4.xlarge_naive-bayes_spark1.5_bigdata_1,4.226025583524098
24_m4.xlarge_naive-bayes_spark1.5_huge_1,2.2581719086459016
24_m4.xlarge_pagerank_hadoop_bigdata_1,5.092710753537649
24_m4.xlarge_pagerank_hadoop_huge_1,3.7931225715262147
24_m4.xlarge_pagerank_spark_bigdata_1,1.678999214222915
24_m4.xlarge_pagerank_spark_huge_1,1.1475603092043012
24_m4.xlarge_regression_spark1.5_bigdata_1,15.999833895106292
24_m4.xlarge_regression_spark1.5_huge_1,1.1503163686287943
24_m4.xlarge_terasort_hadoop_bigdata_1,2.68576201732438
24_m4.xlarge_terasort_hadoop_huge_1,1.3598418833609227
24_m4.xlarge_wordcount_hadoop_bigdata_1,2.8499901303452773
24_m4.xlarge_wordcount_hadoop_huge_1,1.4024151369456175
24_r4.large_join_spark_bigdata_1,1.8179910414486595
24_r4.large_join_spark_huge_1,1.261763912703373
24_r4.large_kmeans_spark1.5_bigdata_1,7.982335409221582
24_r4.large_kmeans_spark1.5_huge_1,1.1516326202178593
24_r4.large_lr_spark_bigdata_1,5.442931798892608
24_r4.large_lr_spark_huge_1,3.1591600058578466
24_r4.large_naive-bayes_spark1.5_bigdata_1,5.518308005506966
24_r4.large_naive-bayes_spark1.5_huge_1,2.822692289548511
24_r4.large_pagerank_hadoop_bigdata_1,5.1980519451443525
24_r4.large_pagerank_hadoop_huge_1,3.387589109942312
24_r4.large_pagerank_spark_bigdata_1,1.7519226234795024
24_r4.large_pagerank_spark_huge_1,0.988272308268957
24_r4.large_regression_spark1.5_bigdata_1,21.430703362739152
24_r4.large_regression_spark1.5_huge_1,1.283357094927186
24_r4.large_terasort_hadoop_bigdata_1,2.8680476172643528
24_r4.large_terasort_hadoop_huge_1,1.5795624691484622
24_r4.large_wordcount_hadoop_bigdata_1,3.691970548447406
24_r4.large_wordcount_hadoop_huge_1,1.7650963147876797
24_r4.xlarge_join_spark_bigdata_1,2.3921632910382344
24_r4.xlarge_join_spark_huge_1,1.8741804178164403
24_r4.xlarge_kmeans_spark1.5_bigdata_1,2.1846130487521496
24_r4.xlarge_kmeans_spark1.5_huge_1,1.2726630968261161
24_r4.xlarge_lr_spark_bigdata_1,9.431336069935732
24_r4.xlarge_lr_spark_huge_1,6.574621370609414
24_r4.xlarge_naive-bayes_spark1.5_bigdata_1,5.604468053958024
24_r4.xlarge_naive-bayes_spark1.5_huge_1,1.5564802729267169
24_r4.xlarge_pagerank_hadoop_bigdata_1,6.83454656849029
24_r4.xlarge_pagerank_hadoop_huge_1,4.963861027895954
24_r4.xlarge_pagerank_spark_bigdata_1,1.997138476766633
24_r4.xlarge_pagerank_spark_huge_1,1.3802993468758293
24_r4.xlarge_regression_spark1.5_bigdata_1,21.58822145086397
24_r4.xlarge_regression_spark1.5_huge_1,1.1698637593405654
24_r4.xlarge_terasort_hadoop_bigdata_1,2.7864340479920076
24_r4.xlarge_terasort_hadoop_huge_1,1.6609836819299877
24_r4.xlarge_wordcount_hadoop_bigdata_1,3.964998039757188
24_r4.xlarge_wordcount_hadoop_huge_1,1.9759894809104441
32_c4.large_join_spark_bigdata_1,1.5452653958703126
32_c4.large_join_spark_huge_1,0.9561239841694745
32_c4.large_kmeans_spark1.5_bigdata_1,11.919589540962802
32_c4.large_kmeans_spark1.5_huge_1,4.263210386796288
32_c4.large_lr_spark_bigdata_1,8.026279767401348
32_c4.large_lr_spark_huge_1,3.798903265870148
32_c4.large_naive-bayes_spark1.5_bigdata_1,3.5896014063166075
32_c4.large_naive-bayes_spark1.5_huge_1,1.879832301422593
32_c4.large_pagerank_hadoop_bigdata_1,3.7385933412657333
32_c4.large_pagerank_hadoop_huge_1,2.4044476511725486
32_c4.large_pagerank_spark_bigdata_1,1.649370615265597
32_c4.large_pagerank_spark_huge_1,0.9313802436517234
32_c4.large_regression_spark1.5_bigdata_1,13.405511672233722
32_c4.large_regression_spark1.5_huge_1,3.3567804946552777
32_c4.large_terasort_hadoop_bigdata_1,1.9888884146492531
32_c4.large_terasort_hadoop_huge_1,1.0438525693867242
32_c4.large_wordcount_hadoop_bigdata_1,2.4003268199076353
32_c4.large_wordcount_hadoop_huge_1,1.2857650225870676
32_m4.large_join_spark_bigdata_1,1.1566294467366443
32_m4.large_join_spark_huge_1,0.919263846720179
32_m4.large_kmeans_spark1.5_bigdata_1,4.6284178531921905
32_m4.large_kmeans_spark1.5_huge_1,0.8042289310730163
32_m4.large_lr_spark_bigdata_1,4.650475133869185
32_m4.large_lr_spark_huge_1,2.9595373573507
32_m4.large_naive-bayes_spark1.5_bigdata_1,3.1501819665747814
32_m4.large_naive-bayes_spark1.5_huge_1,1.69066190264649
32_m4.large_pagerank_hadoop_bigdata_1,3.32808654720463
32_m4.large_pagerank_hadoop_huge_1,2.162707592840738
32_m4.large_pagerank_spark_bigdata_1,1.1764529616996373
32_m4.large_pagerank_spark_huge_1,0.7005788107641991
32_m4.large_regression_spark1.5_bigdata_1,12.012282040777297
32_m4.large_regression_spark1.5_huge_1,3.2905940739218815
32_m4.large_terasort_hadoop_bigdata_1,1.7457459220734841
32_m4.large_terasort_hadoop_huge_1,0.9118455002096264
32_m4.large_wordcount_hadoop_bigdata_1,2.1560680245036186
32_m4.large_wordcount_hadoop_huge_1,1.1129183467267074
32_r4.large_join_spark_bigdata_1,1.429709317452541
32_r4.large_join_spark_huge_1,1.2072338242483136
32_r4.large_kmeans_spark1.5_bigdata_1,1.5669616230198573
32_r4.large_kmeans_spark1.5_huge_1,0.37964448818412555
32_r4.large_lr_spark_bigdata_1,5.37982698088553
32_r4.large_lr_spark_huge_1,3.418107287503974
32_r4.large_naive-bayes_spark1.5_bigdata_1,4.2054612709861505
32_r4.large_naive-bayes_spark1.5_huge_1,1.1650795805143233
32_r4.large_pagerank_hadoop_bigdata_1,4.412637783965652
32_r4.large_pagerank_hadoop_huge_1,2.7955770969760074
32_r4.large_pagerank_spark_bigdata_1,1.413558317817779
32_r4.large_pagerank_spark_huge_1,0.8601030973985279
32_r4.large_regression_spark1.5_bigdata_1,16.53433752686273
32_r4.large_regression_spark1.5_huge_1,1.1073683318827061
32_r4.large_terasort_hadoop_bigdata_1,2.472454016320247
32_r4.large_terasort_hadoop_huge_1,1.1767932411581887
32_r4.large_wordcount_hadoop_bigdata_1,2.6963003172856754
32_r4.large_wordcount_hadoop_huge_1,1.5183373989840048
40_c4.large_join_spark_bigdata_1,1.185714591876238
40_c4.large_join_spark_huge_1,0.9427600567299702
40_c4.large_kmeans_spark1.5_bigdata_1,6.775564555095793
40_c4.large_kmeans_spark1.5_huge_1,3.649747524868615
40_c4.large_lr_spark_bigdata_1,7.73882649365344
40_c4.large_lr_spark_huge_1,3.97144045363881
40_c4.large_naive-bayes_spark1.5_bigdata_1,2.9625012861843345
40_c4.large_naive-bayes_spark1.5_huge_1,1.5852533642247595
40_c4.large_pagerank_hadoop_bigdata_1,3.412024127147307
40_c4.large_pagerank_hadoop_huge_1,2.3598995637614024
40_c4.large_pagerank_spark_bigdata_1,1.7034010817417198
40_c4.large_pagerank_spark_huge_1,0.8742537424967388
40_c4.large_regression_spark1.5_bigdata_1,11.033089393694842
40_c4.large_regression_spark1.5_huge_1,2.8729770958547984
40_c4.large_terasort_hadoop_bigdata_1,1.7530761561433907
40_c4.large_terasort_hadoop_huge_1,1.0406986041372
40_c4.large_wordcount_hadoop_bigdata_1,2.056095223849428
40_c4.large_wordcount_hadoop_huge_1,1.1546743159094803
40_m4.large_join_spark_bigdata_1,1.2511393250512117
40_m4.large_join_spark_huge_1,0.99163824085696
40_m4.large_kmeans_spark1.5_bigdata_1,3.9302455740860487
40_m4.large_kmeans_spark1.5_huge_1,0.7103653098619022
40_m4.large_lr_spark_bigdata_1,4.950176836415962
40_m4.large_lr_spark_huge_1,3.6872142431706423
40_m4.large_naive-bayes_spark1.5_bigdata_1,2.5775213211765156
40_m4.large_naive-bayes_spark1.5_huge_1,1.4103621281472798
40_m4.large_pagerank_hadoop_bigdata_1,2.9464229046646624
40_m4.large_pagerank_hadoop_huge_1,2.049824782109711
40_m4.large_pagerank_spark_bigdata_1,0.9817626404716981
40_m4.large_pagerank_spark_huge_1,0.7353229703770454
40_m4.large_regression_spark1.5_bigdata_1,9.756249207521904
40_m4.large_regression_spark1.5_huge_1,0.6944193532952884
40_m4.large_terasort_hadoop_bigdata_1,1.501911511213123
40_m4.large_terasort_hadoop_huge_1,0.790898698740542
40_m4.large_wordcount_hadoop_bigdata_1,1.811218648159545
40_m4.large_wordcount_hadoop_huge_1,1.0109620487711517
40_r4.large_join_spark_bigdata_1,1.2876860808179846
40_r4.large_join_spark_huge_1,1.0807786751438746
40_r4.large_kmeans_spark1.5_bigdata_1,1.6899378169419155
40_r4.large_kmeans_spark1.5_huge_1,0.38305849713387174
40_r4.large_lr_spark_bigdata_1,5.9639602271554795
40_r4.large_lr_spark_huge_1,4.356511692930993
40_r4.large_naive-bayes_spark1.5_bigdata_1,3.388811287961186
40_r4.large_naive-bayes_spark1.5_huge_1,0.9804466465821856
40_r4.large_pagerank_hadoop_bigdata_1,3.662048806771932
40_r4.large_pagerank_hadoop_huge_1,2.614490638773746
40_r4.large_pagerank_spark_bigdata_1,1.1778016746691518
40_r4.large_pagerank_spark_huge_1,0.796277935280309
40_r4.large_regression_spark1.5_bigdata_1,13.081575635189449
40_r4.large_regression_spark1.5_huge_1,0.9193194142398283
40_r4.large_terasort_hadoop_bigdata_1,2.0786750223776633
40_r4.large_terasort_hadoop_huge_1,1.1213046248000758
40_r4.large_wordcount_hadoop_bigdata_1,2.506404441836983
40_r4.large_wordcount_hadoop_huge_1,1.3428296903443324
48_c4.large_join_spark_bigdata_1,1.1589077969859916
48_c4.large_join_spark_huge_1,1.0849723063442644
48_c4.large_kmeans_spark1.5_bigdata_1,6.101195006767469
48_c4.large_kmeans_spark1.5_huge_1,3.078361226747413
48_c4.large_lr_spark_bigdata_1,5.936109081564142
48_c4.large_lr_spark_huge_1,3.8922512315627547
48_c4.large_naive-bayes_spark1.5_bigdata_1,2.5299298974858617
48_c4.large_naive-bayes_spark1.5_huge_1,1.3850485086341149
48_c4.large_pagerank_hadoop_bigdata_1,3.0751108724524423
48_c4.large_pagerank_hadoop_huge_1,2.23271071985434
48_c4.large_pagerank_spark_bigdata_1,1.3710087339247297
48_c4.large_pagerank_spark_huge_1,0.8237187003953831
48_c4.large_regression_spark1.5_bigdata_1,9.160037989470094
48_c4.large_regression_spark1.5_huge_1,2.4789701679079905
48_c4.large_terasort_hadoop_bigdata_1,1.57040983134191
48_c4.large_terasort_hadoop_huge_1,0.7688024794887482
48_c4.large_wordcount_hadoop_bigdata_1,1.742677375062762
48_c4.large_wordcount_hadoop_huge_1,0.8893664283298287
48_m4.large_join_spark_bigdata_1,0.9482244688793103
48_m4.large_join_spark_huge_1,0.9975551280686858
48_m4.large_kmeans_spark1.5_bigdata_1,3.383512982881566
48_m4.large_kmeans_spark1.5_huge_1,0.30586179584754325
48_m4.large_lr_spark_bigdata_1,4.412862270181703
48_m4.large_lr_spark_huge_1,2.8956143000359655
48_m4.large_naive-bayes_spark1.5_bigdata_1,2.222709606618887
48_m4.large_naive-bayes_spark1.5_huge_1,1.251973779307907
48_m4.large_pagerank_hadoop_bigdata_1,2.6212391324892668
48_m4.large_pagerank_hadoop_huge_1,1.9276027416295978
48_m4.large_pagerank_spark_bigdata_1,0.9513700116246695
48_m4.large_pagerank_spark_huge_1,0.7018628665920502
48_m4.large_regression_spark1.5_bigdata_1,8.16543566361507
48_m4.large_regression_spark1.5_huge_1,0.6990006228095692
48_m4.large_terasort_hadoop_bigdata_1,1.2985544760754881
48_m4.large_terasort_hadoop_huge_1,0.6222154169387772
48_m4.large_wordcount_hadoop_bigdata_1,1.4167424920420146
48_m4.large_wordcount_hadoop_huge_1,0.7804612790370418
48_r4.large_join_spark_bigdata_1,1.274219950426709
48_r4.large_join_spark_huge_1,1.036924515572305
48_r4.large_kmeans_spark1.5_bigdata_1,1.3006346992453635
48_r4.large_kmeans_spark1.5_huge_1,0.578037994375625
48_r4.large_lr_spark_bigdata_1,5.005494153499106
48_r4.large_lr_spark_huge_1,3.6973022106675835
48_r4.large_naive-bayes_spark1.5_bigdata_1,2.9155209970438896
48_r4.large_naive-bayes_spark1.5_huge_1,0.9517806549417224
48_r4.large_pagerank_hadoop_bigdata_1,3.55319625307617
48_r4.large_pagerank_hadoop_huge_1,2.5144483662745363
48_r4.large_pagerank_spark_bigdata_1,1.168481733310222
48_r4.large_pagerank_spark_huge_1,0.8696083439493726
48_r4.large_regression_spark1.5_bigdata_1,10.862993043997266
48_r4.large_regression_spark1.5_huge_1,0.320940277760184
48_r4.large_terasort_hadoop_bigdata_1,1.7315198978437156
48_r4.large_terasort_hadoop_huge_1,0.8623493765470599
48_r4.large_wordcount_hadoop_bigdata_1,1.9778721966686739
48_r4.large_wordcount_hadoop_huge_1,0.9558955600569068
4_c4.2xlarge_join_spark_bigdata_1,8.13260530553984
4_c4.2xlarge_join_spark_huge_1,5.0715964733887775
4_c4.2xlarge_kmeans_spark1.5_bigdata_1,70.44881491890948
4_c4.2xlarge_kmeans_spark1.5_huge_1,51.88435939776022
4_c4.2xlarge_lr_spark_bigdata_1,45.234164134456826
4_c4.2xlarge_lr_spark_huge_1,16.45705304951942
4_c4.2xlarge_naive-bayes_spark1.5_bigdata_1,28.8774202413489
4_c4.2xlarge_naive-bayes_spark1.5_huge_1,14.205180542721912
4_c4.2xlarge_pagerank_hadoop_bigdata_1,23.36130981693773
4_c4.2xlarge_pagerank_hadoop_huge_1,14.26686803786796
4_c4.2xlarge_pagerank_spark_bigdata_1,12.57653181028701
4_c4.2xlarge_pagerank_spark_huge_1,8.892311645557273
4_c4.2xlarge_regression_spark1.5_bigdata_1,126.5987844975941
4_c4.2xlarge_regression_spark1.5_huge_1,29.233795837810995
4_c4.2xlarge_terasort_hadoop_bigdata_1,60.11247739688709
4_c4.2xlarge_terasort_hadoop_huge_1,12.102585169015443
4_c4.2xlarge_wordcount_hadoop_bigdata_1,15.950357084655726
4_c4.2xlarge_wordcount_hadoop_huge_1,8.103355380794309
4_c4.large_join_spark_bigdata_1,7.738486750092857
4_c4.large_join_spark_huge_1,4.180423893079771
4_c4.large_kmeans_spark1.5_bigdata_1,33.32912249107084
4_c4.large_kmeans_spark1.5_huge_1,33.5921288808388
4_c4.large_lr_spark_bigdata_1,18.034316565166833
4_c4.large_lr_spark_huge_1,14.790739228006652
4_c4.large_naive-bayes_spark1.5_bigdata_1,28.48528731618189
4_c4.large_naive-bayes_spark1.5_huge_1,13.98696612369522
4_c4.large_pagerank_hadoop_bigdata_1,20.260004922183118
4_c4.large_pagerank_hadoop_huge_1,10.699340630918925
4_c4.large_pagerank_spark_bigdata_1,12.660633728710339
4_c4.large_pagerank_spark_huge_1,4.089971482991717
4_c4.large_regression_spark1.5_bigdata_1,32.46594761002411
4_c4.large_regression_spark1.5_huge_1,25.150915729748526
4_c4.large_terasort_hadoop_bigdata_1,22.45083792700342
4_c4.large_terasort_hadoop_huge_1,6.63822879673192
4_c4.large_wordcount_hadoop_bigdata_1,17.987827240541176
4_c4.large_wordcount_hadoop_huge_1,8.6810843623191
4_c4.xlarge_join_spark_bigdata_1,7.932044980284865
4_c4.xlarge_join_spark_huge_1,4.3765121568978484
4_c4.xlarge_kmeans_spark1.5_bigdata_1,65.0000868561635
4_c4.xlarge_kmeans_spark1.5_huge_1,34.72541846892062
4_c4.xlarge_lr_spark_bigdata_1,32.14612101842402
4_c4.xlarge_lr_spark_huge_1,14.760964844162727
4_c4.xlarge_naive-bayes_spark1.5_bigdata_1,27.65172557402839
4_c4.xlarge_naive-bayes_spark1.5_huge_1,14.196496650939764
4_c4.xlarge_pagerank_hadoop_bigdata_1,21.36820883735729
4_c4.xlarge_pagerank_hadoop_huge_1,11.776442879536432
4_c4.xlarge_pagerank_spark_bigdata_1,8.620979188297966
4_c4.xlarge_pagerank_spark_huge_1,5.390528448761458
4_c4.xlarge_regression_spark1.5_bigdata_1,66.64624501649173
4_c4.xlarge_regression_spark1.5_huge_1,26.467462739707845
4_c4.xlarge_terasort_hadoop_bigdata_1,34.211992039211204
4_c4.xlarge_terasort_hadoop_huge_1,7.6794521909692275
4_c4.xlarge_wordcount_hadoop_bigdata_1,15.506978345977409
4_c4.xlarge_wordcount_hadoop_huge_1,7.8278593855141345
4_m4.2xlarge_join_spark_bigdata_1,7.340785579658381
4_m4.2xlarge_join_spark_huge_1,4.43094052015845
4_m4.2xlarge_kmeans_spark1.5_bigdata_1,38.26867747915135
4_m4.2xlarge_kmeans_spark1.5_huge_1,18.512195795950554
4_m4.2xlarge_lr_spark_bigdata_1,17.4669933904849
4_m4.2xlarge_lr_spark_huge_1,8.732721074849705
4_m4.2xlarge_naive-bayes_spark1.5_bigdata_1,25.240657137321026
4_m4.2xlarge_naive-bayes_spark1.5_huge_1,13.03445863916226
4_m4.2xlarge_pagerank_hadoop_bigdata_1,21.33208712137875
4_m4.2xlarge_pagerank_hadoop_huge_1,12.763834261583316
4_m4.2xlarge_pagerank_spark_bigdata_1,12.08660887520104
4_m4.2xlarge_pagerank_spark_huge_1,4.39340967652972
4_m4.2xlarge_regression_spark1.5_bigdata_1,105.22433846752651
4_m4.2xlarge_regression_spark1.5_huge_1,26.271679658444377
4_m4.2xlarge_terasort_hadoop_bigdata_1,10.812443975801871
4_m4.2xlarge_terasort_hadoop_huge_1,7.549877756618132
4_m4.2xlarge_wordcount_hadoop_bigdata_1,14.043347693247357
4_m4.2xlarge_wordcount_hadoop_huge_1,7.637602589970073
4_m4.large_join_spark_bigdata_1,6.883705406369956
4_m4.large_join_spark_huge_1,3.6924489849623194
4_m4.large_kmeans_spark1.5_bigdata_1,26.095904810034796
4_m4.large_kmeans_spark1.5_huge_1,21.12767797244258
4_m4.large_lr_spark_bigdata_1,14.40401454959524
4_m4.large_lr_spark_huge_1,10.245822060663569
4_m4.large_naive-bayes_spark1.5_bigdata_1,24.48245993883036
4_m4.large_naive-bayes_spark1.5_huge_1,12.256060512811528
4_m4.large_pagerank_hadoop_bigdata_1,17.766658200992577
4_m4.large_pagerank_hadoop_huge_1,9.571241026704948
4_m4.large_pagerank_spark_bigdata_1,21.61265052151696
4_m4.large_pagerank_spark_huge_1,4.800083956271082
4_m4.large_regression_spark1.5_bigdata_1,25.500027186017164
4_m4.large_regression_spark1.5_huge_1,23.927524519543237
4_m4.large_terasort_hadoop_bigdata_1,18.227678047130517
4_m4.large_terasort_hadoop_huge_1,5.941998413358508
4_m4.large_wordcount_hadoop_bigdata_1,12.790672774035878
4_m4.large_wordcount_hadoop_huge_1,8.407973389464246
4_m4.xlarge_join_spark_bigdata_1,7.033721598441463
4_m4.xlarge_join_spark_huge_1,3.9494535157295863
4_m4.xlarge_kmeans_spark1.5_bigdata_1,36.19969859141243
4_m4.xlarge_kmeans_spark1.5_huge_1,18.44571451621062
4_m4.xlarge_lr_spark_bigdata_1,21.604842722782255
4_m4.xlarge_lr_spark_huge_1,5.131076425014121
4_m4.xlarge_naive-bayes_spark1.5_bigdata_1,24.199331933002277
4_m4.xlarge_naive-bayes_spark1.5_huge_1,12.132096271069257
4_m4.xlarge_pagerank_hadoop_bigdata_1,19.35756069760805
4_m4.xlarge_pagerank_hadoop_huge_1,10.464286330401785
4_m4.xlarge_pagerank_spark_bigdata_1,31.070571668345817
4_m4.xlarge_pagerank_spark_huge_1,4.73486643750188
4_m4.xlarge_regression_spark1.5_bigdata_1,52.87887073085589
4_m4.xlarge_regression_spark1.5_huge_1,23.23210333319225
4_m4.xlarge_terasort_hadoop_bigdata_1,28.79910520873264
4_m4.xlarge_terasort_hadoop_huge_1,6.198464423228563
4_m4.xlarge_wordcount_hadoop_bigdata_1,13.337795495166231
4_m4.xlarge_wordcount_hadoop_huge_1,6.858066564973736
4_r4.2xlarge_join_spark_bigdata_1,9.62972726762768
4_r4.2xlarge_join_spark_huge_1,5.850539185648413
4_r4.2xlarge_kmeans_spark1.5_bigdata_1,47.55920580277979
4_r4.2xlarge_kmeans_spark1.5_huge_1,7.036900673354117
4_r4.2xlarge_lr_spark_bigdata_1,21.046553442158313
4_r4.2xlarge_lr_spark_huge_1,10.798580177521455
4_r4.2xlarge_naive-bayes_spark1.5_bigdata_1,33.193299397895984
4_r4.2xlarge_naive-bayes_spark1.5_huge_1,16.507479546966653
4_r4.2xlarge_pagerank_hadoop_bigdata_1,27.747362868136232
4_r4.2xlarge_pagerank_hadoop_huge_1,16.67616233896564
4_r4.2xlarge_pagerank_spark_bigdata_1,10.566732175500247
4_r4.2xlarge_pagerank_spark_huge_1,4.764007340918277
4_r4.2xlarge_regression_spark1.5_bigdata_1,129.5572959588904
4_r4.2xlarge_regression_spark1.5_huge_1,2.105255437283031
4_r4.2xlarge_terasort_hadoop_bigdata_1,11.646454635710699
4_r4.2xlarge_terasort_hadoop_huge_1,11.841257573431786
4_r4.2xlarge_wordcount_hadoop_bigdata_1,18.392154119773526
4_r4.2xlarge_wordcount_hadoop_huge_1,9.741067972117813
4_r4.large_join_spark_bigdata_1,9.211693295559138
4_r4.large_join_spark_huge_1,4.805553512929614
4_r4.large_kmeans_spark1.5_bigdata_1,33.83198150412623
4_r4.large_kmeans_spark1.5_huge_1,22.99902473404652
4_r4.large_lr_spark_bigdata_1,19.236597738878498
4_r4.large_lr_spark_huge_1,7.2376938726766795
4_r4.large_naive-bayes_spark1.5_bigdata_1,32.74853674285227
4_r4.large_naive-bayes_spark1.5_huge_1,16.40255073655187
4_r4.large_pagerank_hadoop_bigdata_1,23.17555744268811
4_r4.large_pagerank_hadoop_huge_1,12.40687902442213
4_r4.large_pagerank_spark_bigdata_1,10.538103522833056
4_r4.large_pagerank_spark_huge_1,4.19175262444232
4_r4.large_regression_spark1.5_bigdata_1,32.90770668558769
4_r4.large_regression_spark1.5_huge_1,31.992320026884382
4_r4.large_terasort_hadoop_bigdata_1,23.732790207297796
4_r4.large_terasort_hadoop_huge_1,7.6391164233354365
4_r4.large_wordcount_hadoop_bigdata_1,19.428145093150835
4_r4.large_wordcount_hadoop_huge_1,9.345294562832157
4_r4.xlarge_join_spark_bigdata_1,9.554191332813641
4_r4.xlarge_join_spark_huge_1,5.083545237298385
4_r4.xlarge_kmeans_spark1.5_bigdata_1,45.70667354624793
4_r4.xlarge_kmeans_spark1.5_huge_1,23.591541460389575
4_r4.xlarge_lr_spark_bigdata_1,12.763619251168354
4_r4.xlarge_lr_spark_huge_1,5.895429914745073
4_r4.xlarge_naive-bayes_spark1.5_bigdata_1,32.028612496094034
4_r4.xlarge_naive-bayes_spark1.5_huge_1,16.07545374591078
4_r4.xlarge_pagerank_hadoop_bigdata_1,25.194500832008227
4_r4.xlarge_pagerank_hadoop_huge_1,13.725971634262475
4_r4.xlarge_pagerank_spark_bigdata_1,10.482475010216369
4_r4.xlarge_pagerank_spark_huge_1,4.616405839752011
4_r4.xlarge_regression_spark1.5_bigdata_1,67.15356776188632
4_r4.xlarge_regression_spark1.5_huge_1,31.737527746323554
4_r4.xlarge_terasort_hadoop_bigdata_1,13.603914431130645
4_r4.xlarge_terasort_hadoop_huge_1,7.949892823394433
4_r4.xlarge_wordcount_hadoop_bigdata_1,17.625129352257225
4_r4.xlarge_wordcount_hadoop_huge_1,9.532410985069282
6_c4.2xlarge_join_spark_bigdata_1,6.075900093082237
6_c4.2xlarge_join_spark_huge_1,4.522667121418671
6_c4.2xlarge_kmeans_spark1.5_bigdata_1,48.47053369008584
6_c4.2xlarge_kmeans_spark1.5_huge_1,23.16371183943362
6_c4.2xlarge_lr_spark_bigdata_1,33.83865478826994
6_c4.2xlarge_lr_spark_huge_1,14.119491651837029
6_c4.2xlarge_naive-bayes_spark1.5_bigdata_1,19.51977632450053
6_c4.2xlarge_naive-bayes_spark1.5_huge_1,9.790316447911533
6_c4.2xlarge_pagerank_hadoop_bigdata_1,17.893592656131005
6_c4.2xlarge_pagerank_hadoop_huge_1,11.194349058613756
6_c4.2xlarge_pagerank_spark_bigdata_1,9.272654407353881
6_c4.2xlarge_pagerank_spark_huge_1,5.316248626831107
6_c4.2xlarge_regression_spark1.5_bigdata_1,103.31384090104338
6_c4.2xlarge_regression_spark1.5_huge_1,22.95276320800331
6_c4.2xlarge_terasort_hadoop_bigdata_1,9.208010952972243
6_c4.2xlarge_terasort_hadoop_huge_1,6.744921338997603
6_c4.2xlarge_wordcount_hadoop_bigdata_1,11.031692457125853
6_c4.2xlarge_wordcount_hadoop_huge_1,5.766215644290212
6_c4.large_join_spark_bigdata_1,4.981314151108357
6_c4.large_join_spark_huge_1,2.853002808801653
6_c4.large_kmeans_spark1.5_bigdata_1,34.0871404770166
6_c4.large_kmeans_spark1.5_huge_1,23.52574091493178
6_c4.large_lr_spark_bigdata_1,17.547413609029483
6_c4.large_lr_spark_huge_1,9.126053074359916
6_c4.large_naive-bayes_spark1.5_bigdata_1,18.67182996499854
6_c4.large_naive-bayes_spark1.5_huge_1,9.280612390965791
6_c4.large_pagerank_hadoop_bigdata_1,13.921118414684228
6_c4.large_pagerank_hadoop_huge_1,7.6261911001909
6_c4.large_pagerank_spark_bigdata_1,5.283532018313372
6_c4.large_pagerank_spark_huge_1,3.1687115495136626
6_c4.large_regression_spark1.5_bigdata_1,33.30053220183843
6_c4.large_regression_spark1.5_huge_1,16.899224517178702
6_c4.large_terasort_hadoop_bigdata_1,8.743905313180335
6_c4.large_terasort_hadoop_huge_1,5.208740739111628
6_c4.large_wordcount_hadoop_bigdata_1,11.608290676829432
6_c4.large_wordcount_hadoop_huge_1,6.165197869317792
6_c4.xlarge_join_spark_bigdata_1,5.292004521646772
6_c4.xlarge_join_spark_huge_1,3.112743076572098
6_c4.xlarge_kmeans_spark1.5_bigdata_1,44.91892608151568
6_c4.xlarge_kmeans_spark1.5_huge_1,22.238914454084
6_c4.xlarge_lr_spark_bigdata_1,23.735969470611217
6_c4.xlarge_lr_spark_huge_1,8.629355465433148
6_c4.xlarge_naive-bayes_spark1.5_bigdata_1,19.449553753103455
6_c4.xlarge_naive-bayes_spark1.5_huge_1,9.338787758389023
6_c4.xlarge_pagerank_hadoop_bigdata_1,15.30936122697949
6_c4.xlarge_pagerank_hadoop_huge_1,8.553002689872388
6_c4.xlarge_pagerank_spark_bigdata_1,7.215384372821108
6_c4.xlarge_pagerank_spark_huge_1,5.532850685590606
6_c4.xlarge_regression_spark1.5_bigdata_1,69.44859392680567
6_c4.xlarge_regression_spark1.5_huge_1,17.48973664302076
6_c4.xlarge_terasort_hadoop_bigdata_1,8.48592711423904
6_c4.xlarge_terasort_hadoop_huge_1,5.031507271680745
6_c4.xlarge_wordcount_hadoop_bigdata_1,10.68028830531767
6_c4.xlarge_wordcount_hadoop_huge_1,5.3069317623399535
6_m4.2xlarge_join_spark_bigdata_1,5.412839819367767
6_m4.2xlarge_join_spark_huge_1,3.5352099443816702
6_m4.2xlarge_kmeans_spark1.5_bigdata_1,25.17618664873179
6_m4.2xlarge_kmeans_spark1.5_huge_1,12.563921848803238
6_m4.2xlarge_lr_spark_bigdata_1,15.981587715034598
6_m4.2xlarge_lr_spark_huge_1,9.657791378861612
6_m4.2xlarge_naive-bayes_spark1.5_bigdata_1,16.77846658426294
6_m4.2xlarge_naive-bayes_spark1.5_huge_1,8.558468230814091
6_m4.2xlarge_pagerank_hadoop_bigdata_1,15.824850084875948
6_m4.2xlarge_pagerank_hadoop_huge_1,10.141537153803807
6_m4.2xlarge_pagerank_spark_bigdata_1,7.371604251712077
6_m4.2xlarge_pagerank_spark_huge_1,3.0542315726661213
6_m4.2xlarge_regression_spark1.5_bigdata_1,69.01144618717618
6_m4.2xlarge_regression_spark1.5_huge_1,17.365890435544728
6_m4.2xlarge_terasort_hadoop_bigdata_1,7.832384697358984
6_m4.2xlarge_terasort_hadoop_huge_1,4.880523993471547
6_m4.2xlarge_wordcount_hadoop_bigdata_1,9.521286814044183
6_m4.2xlarge_wordcount_hadoop_huge_1,5.140990098464159
6_m4.large_join_spark_bigdata_1,4.649792214558691
6_m4.large_join_spark_huge_1,2.5348876948685133
6_m4.large_kmeans_spark1.5_bigdata_1,26.843060987118022
6_m4.large_kmeans_spark1.5_huge_1,12.80352825982526
6_m4.large_lr_spark_bigdata_1,14.117147119354282
6_m4.large_lr_spark_huge_1,0.008123087087140378
6_m4.large_naive-bayes_spark1.5_bigdata_1,15.897896529834068
6_m4.large_naive-bayes_spark1.5_huge_1,8.24212987350404
6_m4.large_pagerank_hadoop_bigdata_1,12.8272468632215
6_m4.large_pagerank_hadoop_huge_1,6.886518165702589
6_m4.large_pagerank_spark_bigdata_1,8.420836987278621
6_m4.large_pagerank_spark_huge_1,3.1356876749297102
6_m4.large_regression_spark1.5_bigdata_1,26.106670882767474
6_m4.large_regression_spark1.5_huge_1,15.91824514226749
6_m4.large_terasort_hadoop_bigdata_1,7.539630662873009
6_m4.large_terasort_hadoop_huge_1,4.499549039893753
6_m4.large_wordcount_hadoop_bigdata_1,9.744103503806228
6_m4.large_wordcount_hadoop_huge_1,5.39998757815504
6_m4.xlarge_join_spark_bigdata_1,4.596740306943118
6_m4.xlarge_join_spark_huge_1,2.7943812832338706
6_m4.xlarge_kmeans_spark1.5_bigdata_1,44.20577791453695
6_m4.xlarge_kmeans_spark1.5_huge_1,11.90654453939364
6_m4.xlarge_lr_spark_bigdata_1,10.402514007371748
6_m4.xlarge_lr_spark_huge_1,4.394511809980277
6_m4.xlarge_naive-bayes_spark1.5_bigdata_1,16.239582376367526
6_m4.xlarge_naive-bayes_spark1.5_huge_1,8.198919310195954
6_m4.xlarge_pagerank_hadoop_bigdata_1,13.641138519574737
6_m4.xlarge_pagerank_hadoop_huge_1,7.639277235770774
6_m4.xlarge_pagerank_spark_bigdata_1,7.002563370734489
6_m4.xlarge_pagerank_spark_huge_1,2.6115724297624854
6_m4.xlarge_regression_spark1.5_bigdata_1,53.21469392499209
6_m4.xlarge_regression_spark1.5_huge_1,16.14860770185326
6_m4.xlarge_terasort_hadoop_bigdata_1,7.068089890757066
6_m4.xlarge_terasort_hadoop_huge_1,4.513708740316428
6_m4.xlarge_wordcount_hadoop_bigdata_1,9.51513300210906
6_m4.xlarge_wordcount_hadoop_huge_1,4.950704933570525
6_r4.2xlarge_join_spark_bigdata_1,6.627100534069387
6_r4.2xlarge_join_spark_huge_1,4.85363037724764
6_r4.2xlarge_kmeans_spark1.5_bigdata_1,31.984474154216162
6_r4.2xlarge_kmeans_spark1.5_huge_1,4.220044471114265
6_r4.2xlarge_lr_spark_bigdata_1,20.378132849163585
6_r4.2xlarge_lr_spark_huge_1,11.646353002637014
6_r4.2xlarge_naive-bayes_spark1.5_bigdata_1,22.044922904808544
6_r4.2xlarge_naive-bayes_spark1.5_huge_1,11.321680132174622
6_r4.2xlarge_pagerank_hadoop_bigdata_1,20.55424889103121
6_r4.2xlarge_pagerank_hadoop_huge_1,12.909876240188344
6_r4.2xlarge_pagerank_spark_bigdata_1,6.582041379347115
6_r4.2xlarge_pagerank_spark_huge_1,3.316495277657331
6_r4.2xlarge_regression_spark1.5_bigdata_1,84.5164713575726
6_r4.2xlarge_regression_spark1.5_huge_1,4.795346581963096
6_r4.2xlarge_terasort_hadoop_bigdata_1,11.664649963750525
6_r4.2xlarge_terasort_hadoop_huge_1,5.802621383533852
6_r4.2xlarge_wordcount_hadoop_bigdata_1,12.33710520319139
6_r4.2xlarge_wordcount_hadoop_huge_1,6.90189311099926
6_r4.large_join_spark_bigdata_1,6.246173858335496
6_r4.large_join_spark_huge_1,3.3710024690212244
6_r4.large_kmeans_spark1.5_bigdata_1,34.07711099594904
6_r4.large_kmeans_spark1.5_huge_1,21.442424867282565
6_r4.large_lr_spark_bigdata_1,11.224287962258437
6_r4.large_lr_spark_huge_1,4.323343934230496
6_r4.large_naive-bayes_spark1.5_bigdata_1,21.66370545397428
6_r4.large_naive-bayes_spark1.5_huge_1,11.050507656859184
6_r4.large_pagerank_hadoop_bigdata_1,16.55942285387246
6_r4.large_pagerank_hadoop_huge_1,9.00099417867921
6_r4.large_pagerank_spark_bigdata_1,7.0559893975290855
6_r4.large_pagerank_spark_huge_1,3.0122844512172344
6_r4.large_regression_spark1.5_bigdata_1,33.36415167990343
6_r4.large_regression_spark1.5_huge_1,21.097776931525367
6_r4.large_terasort_hadoop_bigdata_1,9.449038588058528
6_r4.large_terasort_hadoop_huge_1,5.714166944299918
6_r4.large_wordcount_hadoop_bigdata_1,13.487637672925517
6_r4.large_wordcount_hadoop_huge_1,6.854211203718045
6_r4.xlarge_join_spark_bigdata_1,6.355287031844647
6_r4.xlarge_join_spark_huge_1,3.695328188491058
6_r4.xlarge_kmeans_spark1.5_bigdata_1,30.207272649507328
6_r4.xlarge_kmeans_spark1.5_huge_1,15.767200830544281
6_r4.xlarge_lr_spark_bigdata_1,11.284690282975049
6_r4.xlarge_lr_spark_huge_1,5.25144566321617
6_r4.xlarge_naive-bayes_spark1.5_bigdata_1,21.4517998806544
6_r4.xlarge_naive-bayes_spark1.5_huge_1,10.771892416507805
6_r4.xlarge_pagerank_hadoop_bigdata_1,17.59617020067101
6_r4.xlarge_pagerank_hadoop_huge_1,10.008267466266036
6_r4.xlarge_pagerank_spark_bigdata_1,6.410300828632714
6_r4.xlarge_pagerank_spark_huge_1,3.160035353459458
6_r4.xlarge_regression_spark1.5_bigdata_1,68.55153838610497
6_r4.xlarge_regression_spark1.5_huge_1,21.809967133881333
6_r4.xlarge_terasort_hadoop_bigdata_1,9.657040688206775
6_r4.xlarge_terasort_hadoop_huge_1,5.607251439322605
6_r4.xlarge_wordcount_hadoop_bigdata_1,12.35247776096425
6_r4.xlarge_wordcount_hadoop_huge_1,6.3549062129434155
8_c4.2xlarge_join_spark_bigdata_1,4.340551200066173
8_c4.2xlarge_join_spark_huge_1,3.7879476973875907
8_c4.2xlarge_kmeans_spark1.5_bigdata_1,44.73362933551975
8_c4.2xlarge_kmeans_spark1.5_huge_1,17.54017700247262
8_c4.2xlarge_lr_spark_bigdata_1,31.66939203535589
8_c4.2xlarge_lr_spark_huge_1,12.814468050087898
8_c4.2xlarge_naive-bayes_spark1.5_bigdata_1,14.874680595168185
8_c4.2xlarge_naive-bayes_spark1.5_huge_1,7.449847210746169
8_c4.2xlarge_pagerank_hadoop_bigdata_1,15.871387124390502
8_c4.2xlarge_pagerank_hadoop_huge_1,9.505951590954805
8_c4.2xlarge_pagerank_spark_bigdata_1,8.30155862476438
8_c4.2xlarge_pagerank_spark_huge_1,3.720093639384145
8_c4.2xlarge_regression_spark1.5_bigdata_1,68.57518752707226
8_c4.2xlarge_regression_spark1.5_huge_1,17.772506228171356
8_c4.2xlarge_terasort_hadoop_bigdata_1,6.753685614427894
8_c4.2xlarge_terasort_hadoop_huge_1,6.973174958129264
8_c4.2xlarge_wordcount_hadoop_bigdata_1,8.650809332888812
8_c4.2xlarge_wordcount_hadoop_huge_1,4.71984809479765
8_c4.large_join_spark_bigdata_1,3.8993529461024434
8_c4.large_join_spark_huge_1,2.3098044535133253
8_c4.large_kmeans_spark1.5_bigdata_1,32.8876545400685
8_c4.large_kmeans_spark1.5_huge_1,16.567344407714398
8_c4.large_lr_spark_bigdata_1,13.361798595790374
8_c4.large_lr_spark_huge_1,6.477876925064567
8_c4.large_naive-bayes_spark1.5_bigdata_1,13.868889675915284
8_c4.large_naive-bayes_spark1.5_huge_1,7.023882457048669
8_c4.large_pagerank_hadoop_bigdata_1,11.291597246337611
8_c4.large_pagerank_hadoop_huge_1,6.01940200358823
8_c4.large_pagerank_spark_bigdata_1,3.8232596508441294
8_c4.large_pagerank_spark_huge_1,0.4236074910054752
8_c4.large_regression_spark1.5_bigdata_1,32.379285849835675
8_c4.large_regression_spark1.5_huge_1,12.398421663578633
8_c4.large_terasort_hadoop_bigdata_1,5.615217830039372
8_c4.large_terasort_hadoop_huge_1,4.598108130709647
8_c4.large_wordcount_hadoop_bigdata_1,8.749067244501335
8_c4.large_wordcount_hadoop_huge_1,4.309158313992722
8_c4.xlarge_join_spark_bigdata_1,4.109425443409268
8_c4.xlarge_join_spark_huge_1,2.675536356398684
8_c4.xlarge_kmeans_spark1.5_bigdata_1,33.90756250973259
8_c4.xlarge_kmeans_spark1.5_huge_1,16.69789948836727
8_c4.xlarge_lr_spark_bigdata_1,16.293336843470502
8_c4.xlarge_lr_spark_huge_1,8.258221775868387
8_c4.xlarge_naive-bayes_spark1.5_bigdata_1,14.047593421480274
8_c4.xlarge_naive-bayes_spark1.5_huge_1,7.044992005992028
8_c4.xlarge_pagerank_hadoop_bigdata_1,11.709526126879103
8_c4.xlarge_pagerank_hadoop_huge_1,7.214136670082419
8_c4.xlarge_pagerank_spark_bigdata_1,5.391560960539044
8_c4.xlarge_pagerank_spark_huge_1,4.11615792949236
8_c4.xlarge_regression_spark1.5_bigdata_1,54.636811910029486
8_c4.xlarge_regression_spark1.5_huge_1,13.23674793851814
8_c4.xlarge_terasort_hadoop_bigdata_1,6.833518103649297
8_c4.xlarge_terasort_hadoop_huge_1,3.797529770798861
8_c4.xlarge_wordcount_hadoop_bigdata_1,8.349525240376662
8_c4.xlarge_wordcount_hadoop_huge_1,4.320201207152829
8_m4.2xlarge_join_spark_bigdata_1,4.3478522408154054
8_m4.2xlarge_join_spark_huge_1,3.465898305533951
8_m4.2xlarge_kmeans_spark1.5_bigdata_1,18.712597617738293
8_m4.2xlarge_kmeans_spark1.5_huge_1,2.5431876659596395
8_m4.2xlarge_lr_spark_bigdata_1,10.741084482531454
8_m4.2xlarge_lr_spark_huge_1,10.044884032633165
8_m4.2xlarge_naive-bayes_spark1.5_bigdata_1,12.552534728623153
8_m4.2xlarge_naive-bayes_spark1.5_huge_1,6.603075597900901
8_m4.2xlarge_pagerank_hadoop_bigdata_1,13.477021738949912
8_m4.2xlarge_pagerank_hadoop_huge_1,8.525355682769657
8_m4.2xlarge_pagerank_spark_bigdata_1,4.570550312229024
8_m4.2xlarge_pagerank_spark_huge_1,2.52569200806647
8_m4.2xlarge_regression_spark1.5_bigdata_1,62.50352231985824
8_m4.2xlarge_regression_spark1.5_huge_1,15.908824657027552
8_m4.2xlarge_terasort_hadoop_bigdata_1,6.382088667428115
8_m4.2xlarge_terasort_hadoop_huge_1,6.02205337844888
8_m4.2xlarge_wordcount_hadoop_bigdata_1,7.636481568399518
8_m4.2xlarge_wordcount_hadoop_huge_1,4.034488510411304
8_m4.large_join_spark_bigdata_1,3.4723077755729976
8_m4.large_join_spark_huge_1,2.1383499726350426
8_m4.large_kmeans_spark1.5_bigdata_1,19.915788532550735
8_m4.large_kmeans_spark1.5_huge_1,9.208272440152633
8_m4.large_lr_spark_bigdata_1,10.879663061616002
8_m4.large_lr_spark_huge_1,2.747698568080981
8_m4.large_naive-bayes_spark1.5_bigdata_1,12.371594803073538
8_m4.large_naive-bayes_spark1.5_huge_1,6.254613825371588
8_m4.large_pagerank_hadoop_bigdata_1,9.94552728379114
8_m4.large_pagerank_hadoop_huge_1,5.440615357805839
8_m4.large_pagerank_spark_bigdata_1,13.547441765734895
8_m4.large_pagerank_spark_huge_1,2.267646206468038
8_m4.large_regression_spark1.5_bigdata_1,26.231206516615323
8_m4.large_regression_spark1.5_huge_1,11.91061535921317
8_m4.large_terasort_hadoop_bigdata_1,5.438097219226145
8_m4.large_terasort_hadoop_huge_1,3.4049708935050584
8_m4.large_wordcount_hadoop_bigdata_1,7.126213213817438
8_m4.large_wordcount_hadoop_huge_1,4.1258259136027045
8_m4.xlarge_join_spark_bigdata_1,3.526178381252769
8_m4.xlarge_join_spark_huge_1,2.4823526325725336
8_m4.xlarge_kmeans_spark1.5_bigdata_1,18.593684068411655
8_m4.xlarge_kmeans_spark1.5_huge_1,9.382316418946441
8_m4.xlarge_lr_spark_bigdata_1,9.072355294911329
8_m4.xlarge_lr_spark_huge_1,4.461790330569152
8_m4.xlarge_naive-bayes_spark1.5_bigdata_1,12.274642557612468
8_m4.xlarge_naive-bayes_spark1.5_huge_1,6.281430574074373
8_m4.xlarge_pagerank_hadoop_bigdata_1,10.596445975194719
8_m4.xlarge_pagerank_hadoop_huge_1,6.51947747604647
8_m4.xlarge_pagerank_spark_bigdata_1,5.253060105018414
8_m4.xlarge_pagerank_spark_huge_1,2.147970711849798
8_m4.xlarge_regression_spark1.5_bigdata_1,46.89993932007415
8_m4.xlarge_regression_spark1.5_huge_1,12.199501868984992
8_m4.xlarge_terasort_hadoop_bigdata_1,5.678855163607458
8_m4.xlarge_terasort_hadoop_huge_1,3.8626155200808734
8_m4.xlarge_wordcount_hadoop_bigdata_1,7.778873396069962
8_m4.xlarge_wordcount_hadoop_huge_1,3.6336369455338127
8_r4.2xlarge_join_spark_bigdata_1,5.290248257796377
8_r4.2xlarge_join_spark_huge_1,4.551097197909274
8_r4.2xlarge_kmeans_spark1.5_bigdata_1,5.73921034437865
8_r4.2xlarge_kmeans_spark1.5_huge_1,3.202509214773369
8_r4.2xlarge_lr_spark_bigdata_1,20.819661151027347
8_r4.2xlarge_lr_spark_huge_1,12.612003427454201
8_r4.2xlarge_naive-bayes_spark1.5_bigdata_1,16.73398436916747
8_r4.2xlarge_naive-bayes_spark1.5_huge_1,4.3792653533341275
8_r4.2xlarge_pagerank_hadoop_bigdata_1,17.63012258944264
8_r4.2xlarge_pagerank_hadoop_huge_1,11.095755486129958
8_r4.2xlarge_pagerank_spark_bigdata_1,5.10762958984711
8_r4.2xlarge_pagerank_spark_huge_1,2.7926572143915425
8_r4.2xlarge_regression_spark1.5_bigdata_1,65.05929076834911
8_r4.2xlarge_regression_spark1.5_huge_1,4.114351911677196
8_r4.2xlarge_terasort_hadoop_bigdata_1,9.528936309833302
8_r4.2xlarge_terasort_hadoop_huge_1,5.352213420794181
8_r4.2xlarge_wordcount_hadoop_bigdata_1,9.209437759149239
8_r4.2xlarge_wordcount_hadoop_huge_1,5.494768375332591
8_r4.large_join_spark_bigdata_1,4.787453767837951
8_r4.large_join_spark_huge_1,2.723723575237119
8_r4.large_kmeans_spark1.5_bigdata_1,23.415458693833596
8_r4.large_kmeans_spark1.5_huge_1,11.855476493598166
8_r4.large_lr_spark_bigdata_1,7.450268200856541
8_r4.large_lr_spark_huge_1,3.1756756501120607
8_r4.large_naive-bayes_spark1.5_bigdata_1,16.526111120607638
8_r4.large_naive-bayes_spark1.5_huge_1,8.195541106690042
8_r4.large_pagerank_hadoop_bigdata_1,13.001271006671114
8_r4.large_pagerank_hadoop_huge_1,7.088631018867221
8_r4.large_pagerank_spark_bigdata_1,5.489765299482807
8_r4.large_pagerank_spark_huge_1,2.355291892868951
8_r4.large_regression_spark1.5_bigdata_1,34.04348061425336
8_r4.large_regression_spark1.5_huge_1,16.894563559465325
8_r4.large_terasort_hadoop_bigdata_1,7.808614516071721
8_r4.large_terasort_hadoop_huge_1,4.288936833520377
8_r4.large_wordcount_hadoop_bigdata_1,10.526902321762625
8_r4.large_wordcount_hadoop_huge_1,5.399559290620377
8_r4.xlarge_join_spark_bigdata_1,4.9369301825974174
8_r4.xlarge_join_spark_huge_1,3.0163709895219877
8_r4.xlarge_kmeans_spark1.5_bigdata_1,23.12829004931078
8_r4.xlarge_kmeans_spark1.5_huge_1,2.9321947786309104
8_r4.xlarge_lr_spark_bigdata_1,10.181711021948342
8_r4.xlarge_lr_spark_huge_1,5.269187248061375
8_r4.xlarge_naive-bayes_spark1.5_bigdata_1,16.115147664695474
8_r4.xlarge_naive-bayes_spark1.5_huge_1,8.24159165436452
8_r4.xlarge_pagerank_hadoop_bigdata_1,13.812687097562735
8_r4.xlarge_pagerank_hadoop_huge_1,8.551830751106491
8_r4.xlarge_pagerank_spark_bigdata_1,5.039803126749189
8_r4.xlarge_pagerank_spark_huge_1,2.4134561346015198
8_r4.xlarge_regression_spark1.5_bigdata_1,61.24807277141913
8_r4.xlarge_regression_spark1.5_huge_1,0.9605176615050851
8_r4.xlarge_terasort_hadoop_bigdata_1,7.48266526797975
8_r4.xlarge_terasort_hadoop_huge_1,4.671485140446681
8_r4.xlarge_wordcount_hadoop_bigdata_1,8.970086915469816
8_r4.xlarge_wordcount_hadoop_huge_1,4.705714297322967
